date,tourist,time_idx,pc_Jiuzhaigou,mob_Jiuzhaigou,pc_SichuanEpidemic,mob_SichuanEpidemic,weekday,year,month,day,destination,Trend,Seasonal,Resid
2020-04-01,208,1,388,856,271,959,Tuesday,2020,4,1,JiuZhaigou,311.0030385,1931.261309,3965.735652
2020-04-02,295,2,445,873,243,933,Wednesday,2020,4,2,JiuZhaigou,341.195455,1946.020432,4007.784113
2020-04-03,311,3,333,877,201,841,Thursday,2020,4,3,JiuZhaigou,372.267806,1847.161177,4091.571017
2020-04-04,528,4,218,945,116,886,Friday,2020,4,4,JiuZhaigou,404.8588922,2127.398485,3995.742622
2020-04-05,2018,5,180,912,106,794,Saturday,2020,4,5,JiuZhaigou,439.0537719,2039.800262,5539.145966
2020-04-06,508,6,197,878,151,798,Sunday,2020,4,6,JiuZhaigou,473.8247875,2071.488586,3962.686626
2020-04-07,330,7,324,851,179,769,Monday,2020,4,7,JiuZhaigou,503.4191987,1971.25675,3855.324051
2020-04-08,548,8,302,852,159,690,Tuesday,2020,4,8,JiuZhaigou,539.7826688,1959.875584,4048.341747
2020-04-09,537,9,386,862,137,641,Wednesday,2020,4,9,JiuZhaigou,580.2100355,1963.347233,3993.442731
2020-04-10,544,10,343,861,142,635,Thursday,2020,4,10,JiuZhaigou,625.2923669,1882.028217,4036.679416
2020-04-11,1061,11,226,904,123,666,Friday,2020,4,11,JiuZhaigou,677.9986739,2204.359688,4178.641638
2020-04-12,613,12,226,870,120,787,Saturday,2020,4,12,JiuZhaigou,735.2726995,2012.400324,3865.326977
2020-04-13,578,13,422,860,170,849,Sunday,2020,4,13,JiuZhaigou,788.5145507,1959.068649,3830.4168
2020-04-14,801,14,354,872,142,635,Monday,2020,4,14,JiuZhaigou,836.4947988,1948.496678,4016.008523
2020-04-15,980,15,344,880,163,662,Tuesday,2020,4,15,JiuZhaigou,880.337599,1990.409071,4109.25333
2020-04-16,960,16,335,876,137,642,Wednesday,2020,4,16,JiuZhaigou,917.546802,1979.956677,4062.496521
2020-04-17,942,17,395,900,150,720,Thursday,2020,4,17,JiuZhaigou,943.991922,1921.593631,4076.414447
2020-04-18,1281,18,208,910,225,1360,Friday,2020,4,18,JiuZhaigou,952.7224243,2285.685616,4042.59196
2020-04-19,1045,19,202,933,133,855,Saturday,2020,4,19,JiuZhaigou,945.8559172,1983.780469,4115.363613
2020-04-20,694,20,409,920,193,765,Sunday,2020,4,20,JiuZhaigou,939.7005109,1842.655895,3911.643595
2020-04-21,729,21,416,913,150,871,Monday,2020,4,21,JiuZhaigou,951.4707277,1920.676886,3856.852386
2020-04-22,945,22,499,919,144,808,Tuesday,2020,4,22,JiuZhaigou,998.0393408,2023.24813,3923.712529
2020-04-23,827,23,453,918,163,751,Wednesday,2020,4,23,JiuZhaigou,1096.392963,1995.313084,3735.293953
2020-04-24,1034,24,454,921,161,829,Thursday,2020,4,24,JiuZhaigou,1252.265385,1965.692227,3816.042388
2020-04-25,1569,25,281,975,101,649,Friday,2020,4,25,JiuZhaigou,1435.946899,2370.314576,3762.738525
2020-04-26,1644,26,595,1029,157,709,Saturday,2020,4,26,JiuZhaigou,1625.571711,1955.30467,4063.123619
2020-04-27,2336,27,706,1089,152,599,Sunday,2020,4,27,JiuZhaigou,1827.999239,1723.609903,4784.390858
2020-04-28,2065,28,707,1148,131,556,Monday,2020,4,28,JiuZhaigou,2034.330474,1887.942345,4142.727182
2020-04-29,2270,29,841,1437,129,550,Tuesday,2020,4,29,JiuZhaigou,2204.967384,2058.163139,4006.869476
2020-04-30,2192,30,863,1823,139,572,Wednesday,2020,4,30,JiuZhaigou,2197.182902,2008.952976,3985.864122
2020-05-01,3463,31,366,2161,112,852,Thursday,2020,5,1,JiuZhaigou,2044.77098,2013.178893,5405.050127
2020-05-02,9998,32,355,2225,89,770,Friday,2020,5,2,JiuZhaigou,1926.84405,2455.443247,11615.7127
2020-05-03,10000,33,344,1885,101,630,Saturday,2020,5,3,JiuZhaigou,1825.674672,1928.061161,12246.26417
2020-05-04,6048,34,357,1591,89,501,Sunday,2020,5,4,JiuZhaigou,1726.363491,1605.380848,8716.255661
2020-05-05,1641,35,279,1160,101,416,Monday,2020,5,5,JiuZhaigou,1627.031809,1851.618859,4162.349332
2020-05-06,1247,36,512,946,140,413,Tuesday,2020,5,6,JiuZhaigou,1480.168085,2094.111156,3672.720759
2020-05-07,1616,37,366,948,83,376,Wednesday,2020,5,7,JiuZhaigou,1395.094969,2022.253439,4198.651592
2020-05-08,1169,38,456,989,97,365,Thursday,2020,5,8,JiuZhaigou,1387.905237,2061.301035,3719.793728
2020-05-09,1445,39,364,915,110,312,Friday,2020,5,9,JiuZhaigou,1418.341157,2536.197184,3490.461659
2020-05-10,1234,40,236,959,78,366,Saturday,2020,5,10,JiuZhaigou,1467.484553,1902.098639,3864.416808
2020-05-11,1323,41,395,911,133,483,Sunday,2020,5,11,JiuZhaigou,1538.943112,1493.282065,4290.774823
2020-05-12,1442,42,447,885,110,454,Monday,2020,5,12,JiuZhaigou,1636.032686,1813.477619,3992.489695
2020-05-13,1896,43,405,895,125,429,Tuesday,2020,5,13,JiuZhaigou,1747.269203,2130.039345,4018.691452
2020-05-14,2006,44,380,902,104,384,Wednesday,2020,5,14,JiuZhaigou,1845.198337,2040.25724,4120.544422
2020-05-15,1864,45,397,907,95,370,Thursday,2020,5,15,JiuZhaigou,1938.32306,2104.741931,3820.935009
2020-05-16,4017,46,219,905,87,370,Friday,2020,5,16,JiuZhaigou,2028.322554,2600.509922,5388.167524
2020-05-17,2104,47,225,946,78,352,Saturday,2020,5,17,JiuZhaigou,2116.273838,1869.707075,4118.019086
2020-05-18,1318,48,385,894,97,374,Sunday,2020,5,18,JiuZhaigou,2205.035803,1387.101665,3725.862532
2020-05-19,2315,49,347,899,85,307,Monday,2020,5,19,JiuZhaigou,2299.006523,1763.262778,4252.730699
2020-05-20,2646,50,330,860,112,291,Tuesday,2020,5,20,JiuZhaigou,2387.437445,2186.369741,4072.192814
2020-05-21,2410,51,391,905,85,280,Wednesday,2020,5,21,JiuZhaigou,2446.430228,2077.068053,3886.501718
2020-05-22,2691,52,453,934,399,992,Thursday,2020,5,22,JiuZhaigou,2483.259282,2154.370002,4053.370716
2020-05-23,3682,53,323,964,108,539,Friday,2020,5,23,JiuZhaigou,2502.036224,2670.654519,4509.309256
2020-05-24,2231,54,285,958,129,833,Saturday,2020,5,24,JiuZhaigou,2502.786973,1835.817585,3892.395442
2020-05-25,1687,55,577,1045,267,906,Sunday,2020,5,25,JiuZhaigou,2510.017994,1274.206676,3902.77533
2020-05-26,2282,56,470,919,139,591,Monday,2020,5,26,JiuZhaigou,2536.510799,1720.031113,4025.458087
2020-05-27,2603,57,529,956,137,468,Tuesday,2020,5,27,JiuZhaigou,2566.579511,2202.499729,3833.92076
2020-05-28,2376,58,403,925,127,376,Wednesday,2020,5,28,JiuZhaigou,2587.238719,2112.833762,3675.927519
2020-05-29,3649,59,434,946,106,360,Thursday,2020,5,29,JiuZhaigou,2609.653815,2202.031294,4837.314891
2020-05-30,3715,60,243,955,101,464,Friday,2020,5,30,JiuZhaigou,2655.849829,2734.813074,4324.337097
2020-05-31,2466,61,264,957,85,299,Saturday,2020,5,31,JiuZhaigou,2728.632373,1818.011556,3919.356071
2020-06-01,1781,62,389,898,631,1635,Sunday,2020,6,1,JiuZhaigou,2819.616266,1229.953228,3731.430506
2020-06-02,1940,63,428,914,304,960,Monday,2020,6,2,JiuZhaigou,2904.595605,1689.257545,3346.146849
2020-06-03,3448,64,423,901,176,786,Tuesday,2020,6,3,JiuZhaigou,2984.399738,2177.626317,4285.973945
2020-06-04,3118,65,433,910,135,556,Wednesday,2020,6,4,JiuZhaigou,3076.545679,2128.322457,3913.131864
2020-06-05,3775,66,416,945,172,719,Thursday,2020,6,5,JiuZhaigou,3190.682683,2205.593451,4378.723865
2020-06-06,3957,67,270,958,87,448,Friday,2020,6,6,JiuZhaigou,3332.058663,2742.473176,3882.468162
2020-06-07,3292,68,253,959,91,430,Saturday,2020,6,7,JiuZhaigou,3499.868936,1832.62969,3959.501374
2020-06-08,2584,69,515,934,209,848,Sunday,2020,6,8,JiuZhaigou,3679.622395,1277.110453,3627.267152
2020-06-09,3079,70,417,947,200,699,Monday,2020,6,9,JiuZhaigou,3859.801927,1674.068841,3545.129232
2020-06-10,4799,71,490,954,197,586,Tuesday,2020,6,10,JiuZhaigou,4006.197145,2152.127893,4640.674961
2020-06-11,4721,72,487,946,150,539,Wednesday,2020,6,11,JiuZhaigou,4109.84114,2121.814577,4489.344283
2020-06-12,4608,73,473,951,121,475,Thursday,2020,6,12,JiuZhaigou,4208.933224,2184.924592,4214.142184
2020-06-13,7519,74,279,950,152,864,Friday,2020,6,13,JiuZhaigou,4281.609546,2687.705117,6549.685337
2020-06-14,4319,75,239,976,193,923,Saturday,2020,6,14,JiuZhaigou,4272.278632,1870.985572,4175.735796
2020-06-15,3175,76,430,946,865,2329,Sunday,2020,6,15,JiuZhaigou,4187.675002,1355.353455,3631.971542
2020-06-16,4002,77,448,906,929,3071,Monday,2020,6,16,JiuZhaigou,4078.547918,1676.118138,4247.333944
2020-06-17,5717,78,467,884,858,2964,Tuesday,2020,6,17,JiuZhaigou,3952.385293,2134.351809,5630.262898
2020-06-18,4116,79,392,890,476,2212,Wednesday,2020,6,18,JiuZhaigou,3809.798593,2102.129075,4204.072333
2020-06-19,3604,80,354,903,592,1961,Thursday,2020,6,19,JiuZhaigou,3655.500888,2175.033309,3773.465803
2020-06-20,4586,81,262,890,250,1331,Friday,2020,6,20,JiuZhaigou,3478.390311,2580.53662,4527.073069
2020-06-21,2884,82,243,921,222,999,Saturday,2020,6,21,JiuZhaigou,3258.422787,1910.620511,3714.956702
2020-06-22,2739,83,532,938,563,1255,Sunday,2020,6,22,JiuZhaigou,3020.069252,1459.70464,4259.226108
2020-06-23,2563,84,555,960,561,1378,Monday,2020,6,23,JiuZhaigou,2819.379522,1702.635005,4040.985473
2020-06-24,2386,85,684,1222,324,1096,Tuesday,2020,6,24,JiuZhaigou,2666.350387,2126.152548,3593.497065
2020-06-25,4183,86,234,1112,146,930,Wednesday,2020,6,25,JiuZhaigou,2535.403086,2070.458991,5577.137923
2020-06-26,5979,87,231,996,180,915,Thursday,2020,6,26,JiuZhaigou,2418.285369,2148.738436,7411.976195
2020-06-27,2560,88,299,969,162,888,Friday,2020,6,27,JiuZhaigou,2308.503454,2456.194144,3795.302402
2020-06-28,2115,89,471,918,257,870,Saturday,2020,6,28,JiuZhaigou,2229.001358,1945.54232,3940.456322
2020-06-29,2064,90,440,889,323,1016,Sunday,2020,6,29,JiuZhaigou,2208.378144,1587.244118,4268.377738
2020-06-30,1854,91,381,891,257,959,Monday,2020,6,30,JiuZhaigou,2215.558043,1762.319272,3876.122685
2020-07-01,2274,92,414,874,157,843,Tuesday,2020,7,1,JiuZhaigou,2250.519751,2113.708614,3909.771634
2020-07-02,2392,93,448,914,179,850,Wednesday,2020,7,2,JiuZhaigou,2320.823171,2019.229112,4051.947717
2020-07-03,2064,94,344,893,166,828,Thursday,2020,7,3,JiuZhaigou,2415.070146,2115.493488,3533.436366
2020-07-04,2574,95,218,903,116,688,Friday,2020,7,4,JiuZhaigou,2523.92037,2328.972856,3721.106774
2020-07-05,2813,96,239,919,139,855,Saturday,2020,7,5,JiuZhaigou,2648.975466,1983.150862,4180.873672
2020-07-06,2650,97,417,890,175,782,Sunday,2020,7,6,JiuZhaigou,2784.043178,1709.113456,4156.843366
2020-07-07,2945,98,377,884,194,854,Monday,2020,7,7,JiuZhaigou,2934.242529,1834.066807,4176.690664
2020-07-08,3020,99,380,896,137,652,Tuesday,2020,7,8,JiuZhaigou,3090.213079,2100.858547,3828.928375
2020-07-09,3251,100,394,903,162,808,Wednesday,2020,7,9,JiuZhaigou,3223.197541,1949.108962,4078.693497
2020-07-10,3176,101,350,899,173,678,Thursday,2020,7,10,JiuZhaigou,3332.938119,2109.638584,3733.423296
2020-07-11,3808,102,260,898,118,604,Friday,2020,7,11,JiuZhaigou,3436.154521,2190.928851,4180.916628
2020-07-12,3791,103,257,971,99,582,Saturday,2020,7,12,JiuZhaigou,3552.512242,2020.757032,4217.730726
2020-07-13,3310,104,372,927,127,571,Sunday,2020,7,13,JiuZhaigou,3699.982385,1793.080958,3816.936658
2020-07-14,3644,105,436,900,129,506,Monday,2020,7,14,JiuZhaigou,3872.76482,1884.229076,3887.006104
2020-07-15,3928,106,395,898,131,558,Tuesday,2020,7,15,JiuZhaigou,4060.86976,2127.717526,3739.412714
2020-07-16,3880,107,423,895,133,607,Wednesday,2020,7,16,JiuZhaigou,4263.825279,1864.409532,3751.765189
2020-07-17,4867,108,358,920,158,840,Thursday,2020,7,17,JiuZhaigou,4495.060167,2164.000534,4207.939299
2020-07-18,4950,109,242,917,125,757,Friday,2020,7,18,JiuZhaigou,4757.649424,2062.559907,4129.790669
2020-07-19,4867,110,240,942,99,632,Saturday,2020,7,19,JiuZhaigou,5018.080826,2031.5435,3817.375674
2020-07-20,5221,111,425,925,247,967,Sunday,2020,7,20,JiuZhaigou,5253.633373,1824.161269,4143.205358
2020-07-21,5398,112,433,939,186,884,Monday,2020,7,21,JiuZhaigou,5461.012095,1906.137362,4030.850543
2020-07-22,6283,113,423,945,155,777,Tuesday,2020,7,22,JiuZhaigou,5652.616105,2174.505345,4455.87855
2020-07-23,5434,114,459,904,165,736,Wednesday,2020,7,23,JiuZhaigou,5845.318349,1783.083103,3805.598548
2020-07-24,6243,115,378,906,152,651,Thursday,2020,7,24,JiuZhaigou,6051.731292,2286.75959,3904.509118
2020-07-25,6082,116,218,917,97,676,Friday,2020,7,25,JiuZhaigou,6272.713152,1973.256258,3836.03059
2020-07-26,6415,117,335,1412,106,628,Saturday,2020,7,26,JiuZhaigou,6501.685036,1995.988934,3917.32603
2020-07-27,7911,118,578,1110,234,946,Sunday,2020,7,27,JiuZhaigou,6745.961482,1852.654775,5312.383743
2020-07-28,6985,119,552,969,205,891,Monday,2020,7,28,JiuZhaigou,7017.944213,1919.917122,4047.138666
2020-07-29,7622,120,492,958,177,851,Tuesday,2020,7,29,JiuZhaigou,7328.621028,2225.129697,4068.249275
2020-07-30,7153,121,487,963,209,857,Wednesday,2020,7,30,JiuZhaigou,7673.730704,1717.060956,3762.20834
2020-07-31,8296,122,380,954,200,851,Thursday,2020,7,31,JiuZhaigou,8056.277184,2385.24706,3854.475756
2020-08-01,7792,123,247,987,116,716,Friday,2020,8,1,JiuZhaigou,8488.149829,1937.661232,3366.188939
2020-08-02,9101,124,236,1095,207,1165,Saturday,2020,8,2,JiuZhaigou,8958.597803,1928.567942,4213.834255
2020-08-03,9130,125,557,1119,208,900,Sunday,2020,8,3,JiuZhaigou,9470.648492,1867.566639,3791.784869
2020-08-04,9825,126,613,1169,218,889,Monday,2020,8,4,JiuZhaigou,10032.26415,1937.193378,3855.542468
2020-08-05,10908,127,563,1150,191,877,Tuesday,2020,8,5,JiuZhaigou,10629.33542,2288.371402,3990.293178
2020-08-06,10983,128,554,1222,166,790,Wednesday,2020,8,6,JiuZhaigou,11254.47159,1647.251341,4081.277068
2020-08-07,13839,129,544,1386,219,859,Thursday,2020,8,7,JiuZhaigou,11435.59029,2420.982289,5982.427422
2020-08-08,12453,130,290,1305,114,762,Friday,2020,8,8,JiuZhaigou,11267.84579,1947.921405,5237.232805
2020-08-09,15697,131,310,1283,93,708,Saturday,2020,8,9,JiuZhaigou,11334.89908,1854.662627,8507.438294
2020-08-10,14629,132,568,1303,247,940,Sunday,2020,8,10,JiuZhaigou,11370.8061,1890.084995,7368.108909
2020-08-11,13198,133,498,1076,163,757,Monday,2020,8,11,JiuZhaigou,11979.03998,1953.777336,5265.182679
2020-08-12,12262,134,493,987,139,776,Tuesday,2020,8,12,JiuZhaigou,12284.58148,2322.144836,3655.273687
2020-08-13,10838,135,930,2375,162,818,Wednesday,2020,8,13,JiuZhaigou,10902.34767,1595.794647,4339.85768
2020-08-14,10690,136,571,1235,154,853,Thursday,2020,8,14,JiuZhaigou,9485.4408,2440.284304,4764.274896
2020-08-15,7818,137,242,1065,151,882,Friday,2020,8,15,JiuZhaigou,8050.620946,1985.627377,3781.751677
2020-08-16,6326,138,245,948,118,857,Saturday,2020,8,16,JiuZhaigou,6558.190284,1778.27874,3989.530976
2020-08-17,2179,139,484,1029,204,853,Sunday,2020,8,17,JiuZhaigou,5472.687514,1913.593772,792.7187139
2020-08-18,1838,140,617,1233,166,653,Monday,2020,8,18,JiuZhaigou,4796.676978,1960.358685,1080.964336
2020-08-19,1500,141,470,962,123,719,Tuesday,2020,8,19,JiuZhaigou,4024.689385,2309.079397,1166.231218
2020-08-20,1162,142,422,898,190,729,Wednesday,2020,8,20,JiuZhaigou,3254.026794,1583.845318,2324.127888
2020-08-21,824,143,416,872,152,681,Thursday,2020,8,21,JiuZhaigou,1725.366172,2461.693837,2636.939991
2020-08-22,485,144,236,871,104,563,Friday,2020,8,22,JiuZhaigou,702.0234806,2052.466852,3730.509668
2020-08-23,1290,145,216,870,80,478,Saturday,2020,8,23,JiuZhaigou,1370.514482,1699.804978,4219.68054
2020-08-24,2282,146,447,893,170,674,Sunday,2020,8,24,JiuZhaigou,1892.615232,1929.21207,4460.172698
2020-08-25,2388,147,431,902,154,620,Monday,2020,8,25,JiuZhaigou,2251.135555,1959.633338,4177.231107
2020-08-26,3321,148,425,862,158,776,Tuesday,2020,8,26,JiuZhaigou,2519.74723,2275.397712,4525.855057
2020-08-27,3927,149,443,856,169,783,Wednesday,2020,8,27,JiuZhaigou,2738.133053,1574.501769,5614.365178
2020-08-28,3598,150,405,864,175,757,Thursday,2020,8,28,JiuZhaigou,2885.626073,2477.178395,4235.195531
2020-08-29,3300,151,218,866,121,620,Friday,2020,8,29,JiuZhaigou,2978.471139,2176.33275,4145.196111
2020-08-30,2453,152,213,846,99,609,Saturday,2020,8,30,JiuZhaigou,3111.634379,1607.432683,3733.932938
2020-08-31,2815,153,488,843,155,436,Sunday,2020,8,31,JiuZhaigou,3338.799552,1946.109668,3530.09078
2020-09-01,2542,154,484,851,129,458,Monday,2020,9,1,JiuZhaigou,3665.137002,1960.723705,2916.139292
2020-09-02,2895,155,580,877,139,603,Tuesday,2020,9,2,JiuZhaigou,4052.071348,2255.564315,2587.364336
2020-09-03,3729,156,642,879,169,571,Wednesday,2020,9,3,JiuZhaigou,4524.278638,1554.077103,3650.644259
2020-09-04,4672,157,484,881,118,437,Thursday,2020,9,4,JiuZhaigou,5044.9942,2426.169254,3200.836546
2020-09-05,6118,158,259,894,129,404,Friday,2020,9,5,JiuZhaigou,5646.368494,2360.960107,4110.671399
2020-09-06,6927,159,312,917,114,432,Saturday,2020,9,6,JiuZhaigou,6318.610867,1510.883537,5097.505596
2020-09-07,7301,160,644,920,166,551,Sunday,2020,9,7,JiuZhaigou,6972.561111,1934.039449,4394.39944
2020-09-08,7696,161,678,929,190,606,Monday,2020,9,8,JiuZhaigou,7600.567278,1961.446183,4133.986539
2020-09-09,8539,162,575,929,120,471,Tuesday,2020,9,9,JiuZhaigou,8174.418219,2232.273063,4132.308718
2020-09-10,8082,163,582,931,123,354,Wednesday,2020,9,10,JiuZhaigou,8677.188277,1552.743764,3852.067958
2020-09-11,9577,164,532,939,144,412,Thursday,2020,9,11,JiuZhaigou,9129.45478,2389.023825,4058.521395
2020-09-12,10301,165,327,963,85,365,Friday,2020,9,12,JiuZhaigou,9570.814513,2560.451385,4169.734103
2020-09-13,9362,166,321,966,114,358,Saturday,2020,9,13,JiuZhaigou,10019.51423,1431.797331,3910.68844
2020-09-14,10361,167,637,982,131,391,Sunday,2020,9,14,JiuZhaigou,10468.91685,1863.350088,4028.733059
2020-09-15,10767,168,671,963,223,856,Monday,2020,9,15,JiuZhaigou,10910.02319,1944.923031,3912.053777
2020-09-16,11336,169,597,967,205,871,Tuesday,2020,9,16,JiuZhaigou,11347.60352,2073.573292,3914.823192
2020-09-17,11654,170,558,962,148,667,Wednesday,2020,9,17,JiuZhaigou,11790.96361,1648.664272,4214.372114
2020-09-18,14034,171,569,1009,120,584,Thursday,2020,9,18,JiuZhaigou,12243.98213,2482.571355,5307.446511
2020-09-19,13272,172,349,1056,162,924,Friday,2020,9,19,JiuZhaigou,12696.50055,2759.7312,3815.768249
2020-09-20,12607,173,310,1108,140,883,Saturday,2020,9,20,JiuZhaigou,13134.09815,1375.583811,4097.318043
2020-09-21,14685,174,667,1167,229,871,Sunday,2020,9,21,JiuZhaigou,12295.24502,1792.535669,6597.219307
2020-09-22,13981,175,724,1108,218,855,Monday,2020,9,22,JiuZhaigou,11115.74032,1929.96985,6935.289829
2020-09-23,14283,176,627,1128,193,857,Tuesday,2020,9,23,JiuZhaigou,10425.52237,1730.918162,8126.559467
2020-09-24,12641,177,645,1150,293,1098,Wednesday,2020,9,24,JiuZhaigou,9742.398229,1804.375514,7094.226256
2020-09-25,11471,178,656,1098,850,1974,Thursday,2020,9,25,JiuZhaigou,8995.127407,2532.29518,5943.577413
2020-09-26,9093,179,431,1249,329,1817,Friday,2020,9,26,JiuZhaigou,8136.226935,2933.736601,4023.036464
2020-09-27,6587,180,820,1384,583,1595,Saturday,2020,9,27,JiuZhaigou,7338.547266,1295.751901,3952.700833
2020-09-28,6272,181,845,1463,434,1160,Sunday,2020,9,28,JiuZhaigou,6542.659193,1706.304343,4023.036464
2020-09-29,5938,182,852,1642,450,1062,Monday,2020,9,29,JiuZhaigou,10031.58702,1862.700026,43.71295261
2020-09-30,6565,183,825,1951,274,944,Tuesday,2020,9,30,JiuZhaigou,13347.28442,1827.351945,-2609.636365
2020-10-01,7182,184,309,2356,104,844,Wednesday,2020,10,1,JiuZhaigou,15258.70135,1873.628562,-3950.32991
2020-10-02,22885,185,324,2731,123,890,Thursday,2020,10,2,JiuZhaigou,17162.37802,2548.975976,9173.646006
2020-10-03,22989,186,374,2851,97,859,Friday,2020,10,3,JiuZhaigou,20352.29471,3047.16461,5589.54068
2020-10-04,22990,187,304,2796,102,805,Saturday,2020,10,4,JiuZhaigou,23745.80739,1201.705033,4042.487574
2020-10-05,23000,188,329,2302,91,637,Sunday,2020,10,5,JiuZhaigou,23445.03282,1642.666575,3912.300609
2020-10-06,22997,189,299,1964,106,719,Monday,2020,10,6,JiuZhaigou,23147.55939,1806.953031,4042.487574
2020-10-07,10615,190,324,1772,127,872,Tuesday,2020,10,7,JiuZhaigou,21255.61546,1830.593696,-6471.20916
2020-10-08,7716,191,357,1519,133,749,Wednesday,2020,10,8,JiuZhaigou,19478.38485,1865.152005,-7627.536855
2020-10-09,8340,192,631,1289,157,624,Thursday,2020,10,9,JiuZhaigou,18226.95253,2608.231107,-6495.183639
2020-10-10,7262,193,496,1062,157,621,Friday,2020,10,10,JiuZhaigou,17012.47647,3153.279415,-6903.75588
2020-10-11,9328,194,285,994,116,549,Saturday,2020,10,11,JiuZhaigou,14887.07561,1126.671307,-685.7469122
2020-10-12,12654,195,518,1032,304,909,Sunday,2020,10,12,JiuZhaigou,13237.38395,1600.487181,3816.12887
2020-10-13,13588,196,535,1005,264,930,Monday,2020,10,13,JiuZhaigou,13622.07703,1753.454803,4212.468166
2020-10-14,15958,197,443,986,187,685,Tuesday,2020,10,14,JiuZhaigou,13961.07729,1775.274672,6221.648041
2020-10-15,14452,198,530,964,148,614,Wednesday,2020,10,15,JiuZhaigou,14234.9932,1912.132322,4304.874473
2020-10-16,15209,199,453,975,104,581,Thursday,2020,10,16,JiuZhaigou,14457.69704,2728.452232,4022.850733
2020-10-17,16169,200,219,978,144,571,Friday,2020,10,17,JiuZhaigou,14627.90065,3234.841715,4306.25763
2020-10-18,14197,201,231,997,102,498,Saturday,2020,10,18,JiuZhaigou,14582.61331,1078.329776,4536.056914
2020-10-19,13978,202,574,1057,154,400,Sunday,2020,10,19,JiuZhaigou,14207.96339,1600.705601,4169.331013
2020-10-20,14583,203,481,998,162,496,Monday,2020,10,20,JiuZhaigou,13801.1459,1718.228913,5063.625182
2020-10-21,14859,204,502,1056,123,408,Tuesday,2020,10,21,JiuZhaigou,13370.85738,1629.996354,5858.146266
2020-10-22,15096,205,509,997,99,346,Wednesday,2020,10,22,JiuZhaigou,12871.00279,1995.401377,6229.59583
2020-10-23,13104,206,443,1000,91,348,Thursday,2020,10,23,JiuZhaigou,12312.75467,2689.227289,4102.018044
2020-10-24,13656,207,223,1058,93,433,Friday,2020,10,24,JiuZhaigou,11729.70099,3351.528075,4574.770931
2020-10-25,9738,208,253,1140,101,426,Saturday,2020,10,25,JiuZhaigou,11064.02788,1113.222729,3560.749389
2020-10-26,8361,209,540,1014,139,558,Sunday,2020,10,26,JiuZhaigou,10495.90133,1654.601065,2210.497603
2020-10-27,9351,210,425,964,142,457,Monday,2020,10,27,JiuZhaigou,9941.448686,1706.214399,3703.336915
2020-10-28,12325,211,445,961,114,473,Tuesday,2020,10,28,JiuZhaigou,9349.253859,1419.852382,7555.893759
2020-10-29,10743,212,459,987,125,376,Wednesday,2020,10,29,JiuZhaigou,8787.870653,2038.919183,5916.210164
2020-10-30,9448,213,457,993,140,628,Thursday,2020,10,30,JiuZhaigou,8307.913958,2514.383288,4625.702754
2020-10-31,8976,214,212,978,121,663,Friday,2020,10,31,JiuZhaigou,7874.867795,3420.49419,3680.638015
2020-11-01,6063,215,236,1002,66,446,Saturday,2020,11,1,JiuZhaigou,7460.012192,1175.269682,3427.718126
2020-11-02,6663,216,423,992,118,376,Sunday,2020,11,2,JiuZhaigou,7106.807341,1681.448421,3874.744237
2020-11-03,6645,217,426,968,151,574,Monday,2020,11,3,JiuZhaigou,6843.57506,1675.25761,4126.167329
2020-11-04,6148,218,414,969,110,487,Tuesday,2020,11,4,JiuZhaigou,6656.967847,1680.808929,3810.223224
2020-11-05,6053,219,454,942,118,426,Wednesday,2020,11,5,JiuZhaigou,6523.657983,2004.098117,3525.2439
2020-11-06,6625,220,416,958,91,372,Thursday,2020,11,6,JiuZhaigou,6398.233755,2336.177037,3890.589208
2020-11-07,8180,221,216,953,85,317,Friday,2020,11,7,JiuZhaigou,6264.025553,3323.650623,4592.323824
2020-11-08,5439,222,259,998,80,366,Saturday,2020,11,8,JiuZhaigou,6124.204151,1259.957363,4054.838485
2020-11-09,6009,223,442,940,106,479,Sunday,2020,11,9,JiuZhaigou,5961.40177,1725.654739,4321.943491
2020-11-10,5362,224,402,1047,151,628,Monday,2020,11,10,JiuZhaigou,5747.054225,1679.921646,3935.024129
2020-11-11,5529,225,340,883,150,641,Tuesday,2020,11,11,JiuZhaigou,5468.167177,1812.161528,4248.671295
2020-11-12,5344,226,457,953,180,798,Wednesday,2020,11,12,JiuZhaigou,5142.139495,1969.201552,4232.658953
2020-11-13,4773,227,416,1027,146,582,Thursday,2020,11,13,JiuZhaigou,4787.612189,2198.552496,3786.835314
2020-11-14,5672,228,222,942,85,469,Friday,2020,11,14,JiuZhaigou,4488.778117,3160.909127,4022.312755
2020-11-15,3308,229,226,955,99,649,Saturday,2020,11,15,JiuZhaigou,4499.716781,1399.192469,3409.090751
2020-11-16,6537,230,395,898,603,1328,Sunday,2020,11,16,JiuZhaigou,4489.933531,1780.620189,6266.446281
2020-11-17,6878,231,425,921,606,1468,Monday,2020,11,17,JiuZhaigou,4415.169587,1712.120664,6750.709749
2020-11-18,6879,232,336,917,304,929,Tuesday,2020,11,18,JiuZhaigou,4360.303028,1901.123881,6617.573091
2020-11-19,4921,233,412,928,220,895,Wednesday,2020,11,19,JiuZhaigou,4365.947195,1948.392305,4606.660501
2020-11-20,4182,234,344,899,207,904,Thursday,2020,11,20,JiuZhaigou,4429.905153,2077.648676,3674.446171
2020-11-21,5332,235,211,921,150,907,Friday,2020,11,21,JiuZhaigou,4231.855552,2975.703289,4124.441159
2020-11-22,3993,236,202,910,137,854,Saturday,2020,11,22,JiuZhaigou,3952.799576,1547.408414,4492.792009
2020-11-23,3365,237,380,874,213,925,Sunday,2020,11,23,JiuZhaigou,3679.38799,1822.214537,3863.397473
2020-11-24,2855,238,389,875,207,882,Monday,2020,11,24,JiuZhaigou,3424.002851,1765.957797,3665.039352
2020-11-25,3418,239,357,882,172,743,Tuesday,2020,11,25,JiuZhaigou,3180.394799,1959.185451,4278.41975
2020-11-26,2539,240,341,911,182,837,Wednesday,2020,11,26,JiuZhaigou,2930.739696,1953.244359,3655.015945
2020-11-27,2531,241,318,869,148,726,Thursday,2020,11,27,JiuZhaigou,2688.161924,1977.976638,3864.861438
2020-11-28,3528,242,209,914,97,756,Friday,2020,11,28,JiuZhaigou,2461.589977,2779.193509,4287.216514
2020-11-29,2172,243,215,889,110,761,Saturday,2020,11,29,JiuZhaigou,2249.131241,1699.140703,4223.728056
2020-11-30,1585,244,361,888,182,850,Sunday,2020,11,30,JiuZhaigou,2054.945884,1854.06617,3675.987946
2020-12-01,1635,245,361,854,169,727,Monday,2020,12,1,JiuZhaigou,1881.333809,1815.941321,3937.72487
2020-12-02,1502,246,350,849,121,560,Tuesday,2020,12,2,JiuZhaigou,1733.691079,1996.058076,3772.250844
2020-12-03,1402,247,364,847,95,493,Wednesday,2020,12,3,JiuZhaigou,1632.731128,1957.133256,3812.135616
2020-12-04,1546,248,323,844,110,506,Thursday,2020,12,4,JiuZhaigou,1587.667786,1930.71605,4027.616164
2020-12-05,1727,249,215,842,87,535,Friday,2020,12,5,JiuZhaigou,1565.481656,2581.841858,3579.676486
2020-12-06,1513,250,201,852,82,504,Saturday,2020,12,6,JiuZhaigou,1525.831795,1831.719903,4155.448302
2020-12-07,1845,251,437,878,859,3390,Sunday,2020,12,7,JiuZhaigou,1458.184506,1877.148266,4509.667228
2020-12-08,1519,252,332,844,3604,12525,Monday,2020,12,8,JiuZhaigou,1357.150046,1860.554109,4301.295845
2020-12-09,1399,253,260,692,2660,9306,Tuesday,2020,12,9,JiuZhaigou,1224.450761,2013.851959,4160.69728
2020-12-10,1032,254,288,646,1145,5739,Wednesday,2020,12,10,JiuZhaigou,1063.783453,1950.75845,4017.458097
2020-12-11,616,255,240,610,1463,6073,Thursday,2020,12,11,JiuZhaigou,882.9622092,1931.619528,3801.418263
2020-12-12,724,256,150,567,856,4595,Friday,2020,12,12,JiuZhaigou,708.8530862,2408.043849,3607.103065
2020-12-13,442,257,209,597,860,5116,Saturday,2020,12,13,JiuZhaigou,566.1620201,1925.424414,3950.413566
2020-12-14,258,258,245,577,1108,4438,Sunday,2020,12,14,JiuZhaigou,460.0545927,1898.354361,3899.591046
2020-12-15,355,259,257,550,2350,6926,Monday,2020,12,15,JiuZhaigou,390.1847602,1913.953113,4050.862127
2020-12-16,308,260,234,567,995,4500,Tuesday,2020,12,16,JiuZhaigou,351.209702,2003.75226,3953.038038
2020-12-17,311,261,234,606,945,3657,Wednesday,2020,12,17,JiuZhaigou,328.0487447,1943.212748,4039.738508
2020-12-18,218,262,188,552,1109,4186,Thursday,2020,12,18,JiuZhaigou,309.5952194,1951.235016,3957.169764
2020-12-19,475,263,200,717,416,2597,Friday,2020,12,19,JiuZhaigou,294.4437368,2273.82342,3906.732843
2020-12-20,272,264,159,687,336,2209,Saturday,2020,12,20,JiuZhaigou,282.1250624,1976.507641,4013.367296
2020-12-21,230,265,267,727,842,2035,Sunday,2020,12,21,JiuZhaigou,274.828985,1926.043548,4029.127467
2020-12-22,260,266,288,775,786,1989,Monday,2020,12,22,JiuZhaigou,271.1487793,1958.689825,4030.161396
2020-12-23,222,267,273,685,605,1887,Tuesday,2020,12,23,JiuZhaigou,270.3307788,1985.97324,3965.695982
2020-12-24,222,268,240,620,671,1530,Wednesday,2020,12,24,JiuZhaigou,270.9869708,1955.678903,3995.334126
2020-12-25,255,269,251,643,524,1462,Thursday,2020,12,25,JiuZhaigou,271.7731586,1971.509202,4011.717639
2020-12-26,412,270,187,733,313,1479,Friday,2020,12,26,JiuZhaigou,275.1761786,2169.295289,3967.528532
2020-12-27,226,271,198,839,237,1337,Saturday,2020,12,27,JiuZhaigou,284.6333919,1995.019461,3946.347147
2020-12-28,291,272,465,858,566,1448,Sunday,2020,12,28,JiuZhaigou,304.3836804,1949.483161,4037.133159
2020-12-29,279,273,433,927,509,1502,Monday,2020,12,29,JiuZhaigou,332.0277046,1985.518801,3961.453494
2020-12-30,293,274,377,883,475,1072,Tuesday,2020,12,30,JiuZhaigou,358.2908019,1974.141184,3960.568014
2020-12-31,307,275,400,888,391,988,Wednesday,2020,12,31,JiuZhaigou,372.2723689,1979.788446,3954.939185
2021-01-01,580,276,188,974,127,890,Thursday,2021,1,1,JiuZhaigou,377.0339083,1986.524372,4216.44172
2021-01-02,1838,277,239,1222,172,912,Friday,2021,1,2,JiuZhaigou,376.2496883,2102.558906,5359.191405
2021-01-03,412,278,343,1644,198,956,Saturday,2021,1,3,JiuZhaigou,370.7419598,2004.935714,4036.322326
2021-01-04,280,279,399,1016,633,1317,Sunday,2021,1,4,JiuZhaigou,357.7070641,1961.479805,3960.813131
2021-01-05,335,280,391,948,530,1450,Monday,2021,1,5,JiuZhaigou,332.0775042,1991.882878,4011.039618
2021-01-06,242,281,347,899,637,1903,Tuesday,2021,1,6,JiuZhaigou,300.8638586,1966.288499,3974.847642
2021-01-07,225,282,366,991,779,2019,Wednesday,2021,1,7,JiuZhaigou,277.6814749,1989.638866,3957.679659
2021-01-08,296,283,389,1067,496,1813,Thursday,2021,1,8,JiuZhaigou,259.7559974,2003.631173,4032.612829
2021-01-09,280,284,271,1030,341,1706,Friday,2021,1,9,JiuZhaigou,247.1018682,2076.632986,3956.265146
2021-01-10,271,285,223,1002,273,1527,Saturday,2021,1,10,JiuZhaigou,240.6887303,2014.308171,4016.003098
2021-01-11,179,286,316,915,682,1551,Sunday,2021,1,11,JiuZhaigou,235.6547351,1967.657285,3975.68798
2021-01-12,200,287,285,875,664,1653,Monday,2021,1,12,JiuZhaigou,229.091149,1986.942968,3983.965883
2021-01-13,170,288,296,862,763,1777,Tuesday,2021,1,13,JiuZhaigou,221.8413384,1953.312494,3994.846168
2021-01-14,331,289,299,867,682,1745,Wednesday,2021,1,14,JiuZhaigou,215.0881556,1981.933391,4133.978453
2021-01-15,150,290,312,931,732,1962,Thursday,2021,1,15,JiuZhaigou,209.0924172,2028.291424,3912.616159
2021-01-16,242,291,226,942,374,1911,Friday,2021,1,16,JiuZhaigou,204.3546732,2061.531823,3976.113504
2021-01-17,242,292,205,926,361,1655,Saturday,2021,1,17,JiuZhaigou,199.9422047,2019.925216,4022.13258
2021-01-18,130,293,220,880,634,1602,Sunday,2021,1,18,JiuZhaigou,194.2740393,1979.108179,3956.617782
2021-01-19,171,294,254,853,566,1462,Monday,2021,1,19,JiuZhaigou,190.9814542,1983.161729,3996.856817
2021-01-20,168,295,287,851,884,2177,Tuesday,2021,1,20,JiuZhaigou,193.0797028,1951.169321,4023.750976
2021-01-21,222,296,237,857,599,1345,Wednesday,2021,1,21,JiuZhaigou,195.7584317,1977.793287,4048.448282
2021-01-22,162,297,231,844,405,1270,Thursday,2021,1,22,JiuZhaigou,197.1256112,2044.161974,3920.712415
2021-01-23,255,298,173,856,417,1781,Friday,2021,1,23,JiuZhaigou,195.4561613,2044.870402,4014.673436
2021-01-24,248,299,173,872,333,1610,Saturday,2021,1,24,JiuZhaigou,190.0572953,2012.548937,4045.393768
2021-01-25,170,300,234,847,568,1079,Sunday,2021,1,25,JiuZhaigou,182.6376118,1983.577927,4003.784462
2021-01-26,175,301,237,842,347,929,Monday,2021,1,26,JiuZhaigou,175.5893275,1978.008459,4021.402213
2021-01-27,106,302,239,829,360,1022,Tuesday,2021,1,27,JiuZhaigou,171.2871488,1969.395419,3965.317433
2021-01-28,146,303,264,847,323,952,Wednesday,2021,1,28,JiuZhaigou,171.0959876,1981.416808,3993.487205
2021-01-29,174,304,260,847,253,884,Thursday,2021,1,29,JiuZhaigou,178.1747178,2043.869852,3951.95543
2021-01-30,173,305,177,818,193,916,Friday,2021,1,30,JiuZhaigou,193.118729,2044.418447,3935.462824
2021-01-31,192,306,182,852,220,978,Saturday,2021,1,31,JiuZhaigou,212.3520239,2000.568849,3979.079128
2021-02-01,253,307,250,851,279,867,Sunday,2021,2,1,JiuZhaigou,233.2430565,1972.903694,4046.85325
2021-02-02,250,308,233,840,239,868,Monday,2021,2,2,JiuZhaigou,255.7772193,1966.794608,4027.428173
2021-02-03,314,309,239,702,333,937,Tuesday,2021,2,3,JiuZhaigou,281.5111992,1992.485112,4040.003689
2021-02-04,275,310,264,805,195,842,Wednesday,2021,2,4,JiuZhaigou,311.0494753,1978.032951,3985.917573
2021-02-05,287,311,257,844,184,770,Thursday,2021,2,5,JiuZhaigou,339.5449067,2026.989913,3920.465181
2021-02-06,416,312,186,852,116,680,Friday,2021,2,6,JiuZhaigou,361.2378198,2080.330321,3974.431859
2021-02-07,377,313,295,856,154,565,Saturday,2021,2,7,JiuZhaigou,389.3113722,1997.895691,3989.792936
2021-02-08,481,314,278,853,135,582,Sunday,2021,2,8,JiuZhaigou,452.2498923,1960.449541,4068.300567
2021-02-09,451,315,198,865,123,695,Monday,2021,2,9,JiuZhaigou,551.5193988,1949.78937,3949.691231
2021-02-10,278,316,191,853,89,666,Tuesday,2021,2,10,JiuZhaigou,683.905749,2006.542562,3587.551689
2021-02-11,389,317,133,749,87,376,Wednesday,2021,2,11,JiuZhaigou,858.0195921,1954.684277,3576.296131
2021-02-12,1734,318,166,956,85,701,Thursday,2021,2,12,JiuZhaigou,1166.657389,2013.730306,4553.612305
2021-02-13,3078,319,158,1018,93,547,Friday,2021,2,13,JiuZhaigou,1481.420005,2140.071098,5456.508897
2021-02-14,5738,320,161,1058,87,613,Saturday,2021,2,14,JiuZhaigou,1719.371647,1992.744851,8025.883502
2021-02-15,4806,321,187,1018,74,628,Sunday,2021,2,15,JiuZhaigou,1960.014305,1961.105519,6884.880176
2021-02-16,3866,322,161,1067,85,656,Monday,2021,2,16,JiuZhaigou,2274.928619,1922.525076,5668.546305
2021-02-17,2689,323,172,1300,78,611,Tuesday,2021,2,17,JiuZhaigou,2615.87433,2014.841265,4058.284404
2021-02-18,2675,324,288,934,184,660,Wednesday,2021,2,18,JiuZhaigou,2475.113935,1902.633143,4297.252923
2021-02-19,2119,325,256,905,175,482,Thursday,2021,2,19,JiuZhaigou,2215.354193,2024.253493,3879.392314
2021-02-20,1908,326,279,911,220,618,Friday,2021,2,20,JiuZhaigou,2003.087763,2209.078406,3695.83383
2021-02-21,1654,327,179,882,101,646,Saturday,2021,2,21,JiuZhaigou,1816.607268,1982.629899,3854.762833
2021-02-22,1535,328,307,857,182,673,Sunday,2021,2,22,JiuZhaigou,1632.509099,1964.109318,3938.381583
2021-02-23,1370,329,420,871,188,521,Monday,2021,2,23,JiuZhaigou,1451.893856,1896.733575,4021.372569
2021-02-24,1593,330,395,854,195,618,Tuesday,2021,2,24,JiuZhaigou,1286.183131,2030.209192,4276.607677
2021-02-25,1106,331,561,906,177,529,Wednesday,2021,2,25,JiuZhaigou,1132.661123,1831.674684,4141.664193
2021-02-26,896,332,304,846,159,441,Thursday,2021,2,26,JiuZhaigou,996.6866633,2047.351592,3851.961745
2021-02-27,858,333,184,859,89,461,Friday,2021,2,27,JiuZhaigou,893.4550914,2287.667335,3676.877574
2021-02-28,559,334,140,825,110,337,Saturday,2021,2,28,JiuZhaigou,831.4898268,1971.09035,3756.419824
2021-03-01,467,335,326,762,250,846,Sunday,2021,3,1,JiuZhaigou,824.0880743,1957.140333,3685.771593
2021-03-02,590,336,295,776,172,737,Monday,2021,3,2,JiuZhaigou,913.1423816,1876.41701,3800.440608
2021-03-03,986,337,299,757,195,722,Tuesday,2021,3,3,JiuZhaigou,1101.995952,2045.814202,3838.189846
2021-03-04,1070,338,305,783,222,592,Wednesday,2021,3,4,JiuZhaigou,1351.226813,1736.665657,3982.107531
2021-03-05,1028,339,295,825,172,414,Thursday,2021,3,5,JiuZhaigou,1626.484745,2063.340218,3338.175037
2021-03-06,2547,340,179,846,118,387,Friday,2021,3,6,JiuZhaigou,1910.912137,2394.648949,4241.438914
2021-03-07,2629,341,182,857,120,681,Saturday,2021,3,7,JiuZhaigou,2202.1729,1979.91265,4446.91445
2021-03-08,2283,342,302,803,151,536,Sunday,2021,3,8,JiuZhaigou,2488.164027,1936.489127,3858.346846
2021-03-09,2731,343,363,840,154,610,Monday,2021,3,9,JiuZhaigou,2750.768767,1876.489909,4103.741323
2021-03-10,2873,344,374,830,121,419,Tuesday,2021,3,10,JiuZhaigou,2981.728717,2008.917665,3882.353617
2021-03-11,3048,345,321,802,150,472,Wednesday,2021,3,11,JiuZhaigou,3201.826895,1605.195527,4240.977578
2021-03-12,3399,346,329,856,131,472,Thursday,2021,3,12,JiuZhaigou,3435.045652,2080.448359,3883.505989
2021-03-13,4109,347,208,884,82,330,Friday,2021,3,13,JiuZhaigou,3696.306815,2545.449069,3867.244115
2021-03-14,3651,348,169,873,99,340,Saturday,2021,3,14,JiuZhaigou,3978.596479,2037.979529,3634.423993
2021-03-15,4568,349,355,865,179,324,Sunday,2021,3,15,JiuZhaigou,4289.408679,1913.289861,4365.301459
2021-03-16,3933,350,372,866,158,613,Monday,2021,3,16,JiuZhaigou,4627.99298,1896.940867,3408.066153
2021-03-17,5027,351,399,884,144,441,Tuesday,2021,3,17,JiuZhaigou,4989.947939,1914.740575,4122.311486
2021-03-18,4641,352,363,882,159,342,Wednesday,2021,3,18,JiuZhaigou,5367.323938,1430.449493,3843.226569
2021-03-19,6100,353,416,901,114,313,Thursday,2021,3,19,JiuZhaigou,5754.149641,2122.267032,4223.583327
2021-03-20,6858,354,229,934,89,349,Friday,2021,3,20,JiuZhaigou,6145.806853,2728.854211,3983.338936
2021-03-21,6568,355,237,898,85,281,Saturday,2021,3,21,JiuZhaigou,6508.364851,2111.896918,3947.73823
2021-03-22,6828,356,484,906,99,267,Sunday,2021,3,22,JiuZhaigou,6807.398886,1914.77325,4105.827864
2021-03-23,7268,357,436,902,99,327,Monday,2021,3,23,JiuZhaigou,7065.179942,1889.73302,4313.087038
2021-03-24,7777,358,434,911,93,333,Tuesday,2021,3,24,JiuZhaigou,7222.169339,1793.124172,4761.706489
2021-03-25,6720,359,399,874,87,281,Wednesday,2021,3,25,JiuZhaigou,7172.594407,1224.685338,4322.720255
2021-03-26,7479,360,372,918,106,314,Thursday,2021,3,26,JiuZhaigou,7021.424764,2207.668753,4249.906482
2021-03-27,8755,361,216,910,95,681,Friday,2021,3,27,JiuZhaigou,6742.112377,2913.267326,5099.620297
2021-03-28,8026,362,233,919,99,443,Saturday,2021,3,28,JiuZhaigou,6342.523799,2163.702915,5519.773286
2021-03-29,5888,363,544,932,101,374,Sunday,2021,3,29,JiuZhaigou,5910.105809,1938.503965,4039.390226
2021-03-30,6896,364,572,929,83,321,Monday,2021,3,30,JiuZhaigou,5465.138498,1887.584245,5543.277258
2021-03-31,7001,365,519,969,120,480,Tuesday,2021,3,31,JiuZhaigou,5015.555045,1665.132057,6320.312898
2021-04-01,3569,366,585,1058,131,582,Wednesday,2021,4,1,JiuZhaigou,4643.510195,1011.569438,3913.920368
2021-04-02,4282,367,689,1305,177,763,Thursday,2021,4,2,JiuZhaigou,4525.448232,2323.190573,3433.361196
2021-04-03,4655,368,233,1492,114,460,Friday,2021,4,3,JiuZhaigou,4711.750675,3077.025621,2866.223704
2021-04-04,11568,369,226,1452,80,498,Saturday,2021,4,4,JiuZhaigou,5033.23572,2204.521686,10330.24259
2021-04-05,4524,370,259,1222,114,689,Sunday,2021,4,5,JiuZhaigou,5455.4747,1979.92427,3088.60103
2021-04-06,4346,371,600,1135,137,577,Monday,2021,4,6,JiuZhaigou,5864.162523,1913.69896,2568.138517
2021-04-07,5594,372,519,948,154,525,Tuesday,2021,4,7,JiuZhaigou,6338.50476,1485.648258,3769.846982
2021-04-08,5850,373,454,943,146,367,Wednesday,2021,4,8,JiuZhaigou,7147.313542,778.7582293,3923.928229
2021-04-09,9100,374,417,954,106,300,Thursday,2021,4,9,JiuZhaigou,8040.953567,2429.184884,4629.861549
2021-04-10,10149,375,290,956,91,269,Friday,2021,4,10,JiuZhaigou,8905.694889,3225.999912,4017.305199
2021-04-11,10224,376,273,968,89,372,Saturday,2021,4,11,JiuZhaigou,9675.524677,2204.715387,4343.759936
2021-04-12,11896,377,512,983,114,351,Sunday,2021,4,12,JiuZhaigou,10237.24656,2003.932711,5654.820724
2021-04-13,11053,378,589,1053,129,376,Monday,2021,4,13,JiuZhaigou,10767.97798,1904.973661,4380.048355
2021-04-14,14028,379,555,990,120,345,Tuesday,2021,4,14,JiuZhaigou,11254.65951,1625.600007,7147.740485
2021-04-15,12278,380,560,1013,112,327,Wednesday,2021,4,15,JiuZhaigou,11660.50873,469.695758,6147.795511
2021-04-16,12463,381,507,1144,91,288,Thursday,2021,4,16,JiuZhaigou,11992.48872,2400.162863,4070.348418
2021-04-17,13906,382,285,1089,82,273,Friday,2021,4,17,JiuZhaigou,12216.57105,3312.489323,4376.939624
2021-04-18,14079,383,285,1147,68,321,Saturday,2021,4,18,JiuZhaigou,12355.66927,2171.695173,5551.635554
2021-04-19,12548,384,620,1120,110,267,Sunday,2021,4,19,JiuZhaigou,12390.63796,1941.65092,4215.711122
2021-04-20,11978,385,564,1187,106,302,Monday,2021,4,20,JiuZhaigou,12443.48877,1792.744928,3741.766299
2021-04-21,15557,386,589,1198,93,270,Tuesday,2021,4,21,JiuZhaigou,12566.76807,1817.681945,7172.549985
2021-04-22,15660,387,622,1360,80,262,Wednesday,2021,4,22,JiuZhaigou,12639.11002,872.6878808,8148.202095
2021-04-23,14041,388,533,1265,95,269,Thursday,2021,4,23,JiuZhaigou,12709.16497,2225.376889,5106.458142
2021-04-24,15764,389,330,1401,95,298,Friday,2021,4,24,JiuZhaigou,12794.35916,3291.438696,5678.202142
2021-04-25,13117,390,766,1656,101,277,Saturday,2021,4,25,JiuZhaigou,12916.12478,2085.065034,4115.810185
2021-04-26,12768,391,738,1589,91,359,Sunday,2021,4,26,JiuZhaigou,12825.88126,1857.272653,4084.846089
2021-04-27,9303,392,665,1615,129,487,Monday,2021,4,27,JiuZhaigou,12510.76372,1680.487294,1111.748986
2021-04-28,8597,393,609,1435,116,388,Tuesday,2021,4,28,JiuZhaigou,12199.5914,1810.036831,587.3717648
2021-04-29,9091,394,696,1819,101,409,Wednesday,2021,4,29,JiuZhaigou,11888.5119,1338.589628,1863.898474
2021-04-30,9445,395,720,2226,87,471,Thursday,2021,4,30,JiuZhaigou,11573.81132,2134.366504,1736.822175
2021-05-01,12489,396,312,2919,64,411,Friday,2021,5,1,JiuZhaigou,11242.69658,3241.499133,4004.804292
2021-05-02,30000,397,259,2903,78,270,Saturday,2021,5,2,JiuZhaigou,11226.07668,1923.596998,22850.32632
2021-05-03,30000,398,254,2564,97,379,Sunday,2021,5,3,JiuZhaigou,9806.484578,1825.673536,24367.84189
2021-05-04,19021,399,276,2207,104,559,Monday,2021,5,4,JiuZhaigou,10650.75392,1606.711222,12763.53486
2021-05-05,6566,400,358,1911,99,539,Tuesday,2021,5,5,JiuZhaigou,10661.99086,1930.148651,-26.13951449
2021-05-06,7109,401,574,1428,144,453,Wednesday,2021,5,6,JiuZhaigou,10455.91065,1464.039855,1189.049495
2021-05-07,6805,402,540,1177,99,330,Thursday,2021,5,7,JiuZhaigou,8196.61599,2112.7044,2495.679609
2021-05-08,8005,403,490,1074,85,274,Friday,2021,5,8,JiuZhaigou,9103.655667,3192.132112,1709.212221
2021-05-09,9793,404,271,996,72,299,Saturday,2021,5,9,JiuZhaigou,10038.16213,1768.697566,3986.140304
2021-05-10,10772,405,481,983,102,319,Sunday,2021,5,10,JiuZhaigou,10766.53986,1779.397026,4226.063112
2021-05-11,11642,406,433,960,101,344,Monday,2021,5,11,JiuZhaigou,11100.2478,1542.325897,4999.426299
2021-05-12,14579,407,423,958,91,256,Tuesday,2021,5,12,JiuZhaigou,11377.23068,2192.628216,7009.141109
2021-05-13,12906,408,476,983,97,338,Wednesday,2021,5,13,JiuZhaigou,11613.09216,1598.705544,5694.202301
2021-05-14,14560,409,412,1004,102,483,Thursday,2021,5,14,JiuZhaigou,11888.34359,2033.077695,6638.578719
2021-05-15,13826,410,226,1060,101,618,Friday,2021,5,15,JiuZhaigou,12331.10607,3116.692345,4378.201585
2021-05-16,11874,411,222,1069,102,716,Saturday,2021,5,16,JiuZhaigou,12279.8518,1626.261322,3967.886874
2021-05-17,11724,412,443,975,186,853,Sunday,2021,5,17,JiuZhaigou,11884.94978,1687.173342,4151.876876
2021-05-18,10672,413,422,964,182,866,Monday,2021,5,18,JiuZhaigou,11501.27385,1441.478983,3729.24717
2021-05-19,11487,414,399,1659,139,586,Tuesday,2021,5,19,JiuZhaigou,11123.11364,2356.324344,4007.562013
2021-05-20,11551,415,426,1185,91,539,Wednesday,2021,5,20,JiuZhaigou,10765.96614,2131.738508,4653.295351
2021-05-21,10381,416,397,1252,118,591,Thursday,2021,5,21,JiuZhaigou,10467.60743,1870.181238,4043.211327
2021-05-22,10797,417,240,961,106,517,Friday,2021,5,22,JiuZhaigou,10220.51339,3031.014713,3545.471894
2021-05-23,9335,418,239,1066,110,669,Saturday,2021,5,23,JiuZhaigou,10003.27284,1570.774072,3760.953084
2021-05-24,8978,419,471,961,139,658,Sunday,2021,5,24,JiuZhaigou,9816.943839,1658.127819,3502.928341
2021-05-25,9604,420,425,964,137,574,Monday,2021,5,25,JiuZhaigou,9636.029111,1432.67242,4535.298469
2021-05-26,9936,421,383,939,131,697,Tuesday,2021,5,26,JiuZhaigou,9424.56281,2283.443938,4227.993252
2021-05-27,9494,422,436,948,166,588,Wednesday,2021,5,27,JiuZhaigou,9202.616105,2118.423367,4172.960528
2021-05-28,10500,423,400,953,187,702,Thursday,2021,5,28,JiuZhaigou,8929.271058,1896.298513,5674.430429
2021-05-29,9832,424,287,963,118,719,Friday,2021,5,29,JiuZhaigou,8571.615309,2993.298219,4267.086472
2021-05-30,7556,425,231,965,135,825,Saturday,2021,5,30,JiuZhaigou,8231.450247,1614.794944,3709.754809
2021-05-31,6133,426,386,925,319,949,Sunday,2021,5,31,JiuZhaigou,7987.734719,1671.801722,2473.463559
2021-06-01,5744,427,360,929,197,829,Monday,2021,6,1,JiuZhaigou,7726.074617,1465.460177,2552.465207
2021-06-02,5576,428,426,934,183,730,Tuesday,2021,6,2,JiuZhaigou,7485.769352,2256.480567,1833.75008
2021-06-03,5519,429,381,970,184,811,Wednesday,2021,6,3,JiuZhaigou,7229.289439,1995.807794,2293.902767
2021-06-04,6874,430,544,1294,168,754,Thursday,2021,6,4,JiuZhaigou,6961.498393,1988.16935,3924.332257
2021-06-05,7626,431,304,1150,139,836,Friday,2021,6,5,JiuZhaigou,6865.408152,2924.672511,3835.919337
2021-06-06,6799,432,233,1143,165,889,Saturday,2021,6,6,JiuZhaigou,6799.277067,1718.740367,4280.982566
2021-06-07,6493,433,493,1011,163,786,Sunday,2021,6,7,JiuZhaigou,6732.362548,1687.377258,4073.260194
2021-06-08,6151,434,468,996,154,733,Monday,2021,6,8,JiuZhaigou,6679.282483,1505.933514,3965.784003
2021-06-09,6625,435,502,1073,114,628,Tuesday,2021,6,9,JiuZhaigou,6627.48524,2247.658216,3749.856544
2021-06-10,6399,436,481,1128,127,689,Wednesday,2021,6,10,JiuZhaigou,6556.70533,1845.226953,3997.067717
2021-06-11,6512,437,506,1344,152,849,Thursday,2021,6,11,JiuZhaigou,6468.102564,2015.470537,4028.426899
2021-06-12,7533,438,299,1352,89,607,Friday,2021,6,12,JiuZhaigou,6402.199906,2830.143482,4300.656612
2021-06-13,10795,439,216,1370,101,689,Saturday,2021,6,13,JiuZhaigou,6425.869992,1881.526192,8487.603816
2021-06-14,5764,440,256,1317,74,621,Sunday,2021,6,14,JiuZhaigou,6521.783309,1705.930475,3536.286216
2021-06-15,5186,441,451,1076,135,572,Monday,2021,6,15,JiuZhaigou,6628.506514,1553.595504,3003.897982
2021-06-16,5796,442,354,988,104,512,Tuesday,2021,6,16,JiuZhaigou,6704.620963,2242.106477,2849.27256
2021-06-17,6488,443,375,994,102,505,Wednesday,2021,6,17,JiuZhaigou,6811.903691,1719.182337,3956.913972
2021-06-18,7816,444,307,965,195,860,Thursday,2021,6,18,JiuZhaigou,7019.465873,1991.743196,4804.790931
2021-06-19,8132,445,231,980,118,649,Friday,2021,6,19,JiuZhaigou,7253.919113,2715.248674,4162.832213
2021-06-20,7208,446,222,982,112,858,Saturday,2021,6,20,JiuZhaigou,7443.211548,2067.437916,3697.350536
2021-06-21,7661,447,367,973,163,846,Sunday,2021,6,21,JiuZhaigou,7583.735133,1739.317846,4337.947021
2021-06-22,7348,448,335,970,201,931,Monday,2021,6,22,JiuZhaigou,7693.359431,1607.343527,4047.297042
2021-06-23,8117,449,361,977,278,1095,Tuesday,2021,6,23,JiuZhaigou,7783.558405,2242.747039,4090.694555
2021-06-24,7213,450,335,964,162,882,Wednesday,2021,6,24,JiuZhaigou,7894.014046,1629.281995,3689.703959
2021-06-25,8231,451,375,974,140,795,Thursday,2021,6,25,JiuZhaigou,8025.705295,1928.923452,4276.371253
2021-06-26,8095,452,228,1053,93,844,Friday,2021,6,26,JiuZhaigou,8196.840105,2573.061187,3325.098708
2021-06-27,8201,453,240,1058,97,617,Saturday,2021,6,27,JiuZhaigou,8445.368677,2237.566919,3518.064404
2021-06-28,8540,454,440,987,137,658,Sunday,2021,6,28,JiuZhaigou,8781.419367,1780.669658,3977.910975
2021-06-29,8322,455,383,989,102,550,Monday,2021,6,29,JiuZhaigou,9211.911013,1691.985685,3418.103301
2021-06-30,9564,456,400,1000,82,531,Tuesday,2021,6,30,JiuZhaigou,9753.720728,2279.700231,3530.579041
2021-07-01,9779,457,369,976,101,445,Wednesday,2021,7,1,JiuZhaigou,10408.28627,1574.017835,3796.695893
2021-07-02,10797,458,425,1107,85,420,Thursday,2021,7,2,JiuZhaigou,11106.88753,1848.462297,3841.650177
2021-07-03,12469,459,247,1247,83,628,Friday,2021,7,3,JiuZhaigou,11822.74468,2413.384023,4232.871292
2021-07-04,13659,460,291,1252,82,485,Saturday,2021,7,4,JiuZhaigou,12546.54873,2356.479327,4755.971946
2021-07-05,13053,461,457,1322,125,734,Sunday,2021,7,5,JiuZhaigou,13238.83655,1785.369114,4028.794335
2021-07-06,13844,462,439,1279,108,539,Monday,2021,7,6,JiuZhaigou,13880.36371,1808.721295,4154.914996
2021-07-07,15020,463,406,1378,146,709,Tuesday,2021,7,7,JiuZhaigou,14468.52432,2336.392316,4215.083359
2021-07-08,14585,464,409,1422,127,631,Wednesday,2021,7,8,JiuZhaigou,15001.43063,1569.982039,4013.587331
2021-07-09,15329,465,388,1414,99,529,Thursday,2021,7,9,JiuZhaigou,15504.67081,1801.302411,4023.026775
2021-07-10,16125,466,209,1520,116,790,Friday,2021,7,10,JiuZhaigou,15891.41093,2297.965703,3935.623368
2021-07-11,17022,467,233,1486,85,872,Saturday,2021,7,11,JiuZhaigou,16031.00954,2388.102885,4602.887576
2021-07-12,17647,468,498,1542,169,769,Sunday,2021,7,12,JiuZhaigou,16192.84667,1793.893396,5660.259932
2021-07-13,19139,469,488,1815,135,655,Monday,2021,7,13,JiuZhaigou,16376.14378,1860.966324,6901.889891
2021-07-14,20154,470,580,1783,123,575,Tuesday,2021,7,14,JiuZhaigou,16534.85453,2288.470145,7330.675329
2021-07-15,16296,471,540,1908,102,536,Wednesday,2021,7,15,JiuZhaigou,16689.72483,1610.42133,3995.853839
2021-07-16,16429,472,420,1459,85,453,Thursday,2021,7,16,JiuZhaigou,16989.16682,1782.435309,3657.397867
2021-07-17,14781,473,318,1541,80,426,Friday,2021,7,17,JiuZhaigou,17436.45589,2213.767815,1130.776294
2021-07-18,16233,474,276,1530,72,465,Saturday,2021,7,18,JiuZhaigou,17857.07074,2386.775986,1989.153277
2021-07-19,19551,475,464,1641,76,401,Sunday,2021,7,19,JiuZhaigou,18195.88833,1833.284702,5521.82697
2021-07-20,19045,476,509,1651,104,458,Monday,2021,7,20,JiuZhaigou,18470.57286,1920.218647,4654.208492
2021-07-21,19782,477,426,1529,102,758,Tuesday,2021,7,21,JiuZhaigou,18905.94709,2236.970611,4639.082297
2021-07-22,18719,478,462,1562,133,852,Wednesday,2021,7,22,JiuZhaigou,18743.36107,1662.91475,4312.724184
2021-07-23,19424,479,394,1570,155,870,Thursday,2021,7,23,JiuZhaigou,18258.65256,1761.798572,5403.548866
2021-07-24,17786,480,270,1552,782,12951,Friday,2021,7,24,JiuZhaigou,17735.20392,2133.247391,3917.548687
2021-07-25,17561,481,253,1634,603,63038,Saturday,2021,7,25,JiuZhaigou,16680.08539,2399.242922,4481.67169
2021-07-26,18200,482,395,1468,1134,65842,Sunday,2021,7,26,JiuZhaigou,15230.00003,1846.909959,7123.09001
2021-07-27,18379,483,501,1559,967,9830,Monday,2021,7,27,JiuZhaigou,13950.56927,1984.666311,8443.764415
2021-07-28,18592,484,344,1411,6260,59772,Tuesday,2021,7,28,JiuZhaigou,12629.76702,2210.142907,9752.090076
2021-07-29,16315,485,296,1014,2227,29680,Wednesday,2021,7,29,JiuZhaigou,11265.91054,1728.490856,9320.598606
2021-07-30,9602,486,271,946,1663,24371,Thursday,2021,7,30,JiuZhaigou,9841.266983,1760.733017,4000
2021-07-31,6386,487,191,927,958,18635,Friday,2021,7,31,JiuZhaigou,8420.292083,2078.759033,1886.948883
2021-08-01,4111,488,177,949,895,15221,Saturday,2021,8,1,JiuZhaigou,7081.229256,2395.095707,634.6750371
2021-08-02,2819,489,301,928,1542,13486,Sunday,2021,8,2,JiuZhaigou,5844.733663,1847.907318,1126.359019
2021-08-03,2027,490,265,915,1301,11870,Monday,2021,8,3,JiuZhaigou,4598.47682,1988.112336,1440.410844
2021-08-04,1691,491,295,897,953,6925,Tuesday,2021,8,4,JiuZhaigou,2849.798755,2153.54444,2687.656805
2021-08-05,1112,492,264,883,907,6633,Wednesday,2021,8,5,JiuZhaigou,1374.347766,1796.582418,3941.069816
2021-08-06,1156,493,357,935,916,6998,Thursday,2021,8,6,JiuZhaigou,1202.155833,1806.824963,4147.019204
2021-08-07,1156,494,285,951,730,5578,Friday,2021,8,7,JiuZhaigou,1078.209814,2078.355793,3999.434393
2021-08-08,739,495,225,922,682,5164,Saturday,2021,8,8,JiuZhaigou,989.2039152,2306.345893,3443.450192
2021-08-09,800,496,262,931,891,5128,Sunday,2021,8,9,JiuZhaigou,933.7526701,1852.226811,4014.020519
2021-08-10,797,497,251,934,884,4808,Monday,2021,8,10,JiuZhaigou,908.746079,1990.974773,3897.279148
2021-08-11,824,498,273,945,852,4264,Tuesday,2021,8,11,JiuZhaigou,921.6841654,2098.674966,3803.640868
2021-08-12,753,499,271,937,622,3206,Wednesday,2021,8,12,JiuZhaigou,986.3318934,1860.033316,3906.63479
2021-08-13,971,500,281,964,519,2807,Thursday,2021,8,13,JiuZhaigou,1091.234705,1862.560256,4017.205039
2021-08-14,1214,501,186,956,352,2697,Friday,2021,8,14,JiuZhaigou,1205.487561,2092.450888,3916.061551
2021-08-15,1508,502,163,955,237,2370,Saturday,2021,8,15,JiuZhaigou,1317.519365,2238.192274,3952.288361
2021-08-16,1425,503,260,938,448,2247,Sunday,2021,8,16,JiuZhaigou,1411.668438,1850.914403,4162.417159
2021-08-17,1814,504,276,940,357,1942,Monday,2021,8,17,JiuZhaigou,1474.179344,1983.442262,4356.378393
2021-08-18,1575,505,295,907,315,1662,Tuesday,2021,8,18,JiuZhaigou,1509.432894,2036.922451,4028.644655
2021-08-19,1579,506,319,888,391,1725,Wednesday,2021,8,19,JiuZhaigou,1528.065022,1920.610664,4130.324314
2021-08-20,1440,507,350,887,271,1836,Thursday,2021,8,20,JiuZhaigou,1527.478334,1920.515355,3992.006311
2021-08-21,1410,508,193,913,195,1511,Friday,2021,8,21,JiuZhaigou,1508.975259,2111.825571,3789.19917
2021-08-22,1508,509,186,909,186,1428,Saturday,2021,8,22,JiuZhaigou,1481.625863,2183.475079,3842.899058
2021-08-23,1570,510,428,1192,442,2476,Sunday,2021,8,23,JiuZhaigou,1452.807414,1843.836801,4273.355785
2021-08-24,1422,511,341,971,713,3340,Monday,2021,8,24,JiuZhaigou,1423.300692,1967.918934,4030.780373
2021-08-25,1436,512,310,927,478,1683,Tuesday,2021,8,25,JiuZhaigou,1391.88015,1971.96527,4072.15458
2021-08-26,1357,513,319,919,254,1089,Wednesday,2021,8,26,JiuZhaigou,1350.910171,1980.770514,4025.319315
2021-08-27,1258,514,245,953,236,1181,Thursday,2021,8,27,JiuZhaigou,1297.879128,1979.130822,3980.99005
2021-08-28,1348,515,211,911,182,976,Friday,2021,8,28,JiuZhaigou,1251.228734,2135.984291,3960.786974
2021-08-29,1269,516,209,938,152,920,Saturday,2021,8,29,JiuZhaigou,1236.153808,2139.121242,3893.724951
2021-08-30,894,517,357,919,182,868,Sunday,2021,8,30,JiuZhaigou,1257.793451,1830.190261,3806.016288
2021-08-31,1065,518,330,894,187,901,Monday,2021,8,31,JiuZhaigou,1324.481668,1945.037966,3795.480366
2021-09-01,1158,519,304,893,150,787,Tuesday,2021,9,1,JiuZhaigou,1439.757514,1906.031571,3812.210915
2021-09-02,1648,520,361,899,154,756,Wednesday,2021,9,2,JiuZhaigou,1607.871121,2040.989161,3999.139718
2021-09-03,1639,521,326,935,148,812,Thursday,2021,9,3,JiuZhaigou,1839.494384,2037.80063,3761.704985
2021-09-04,2242,522,240,958,97,706,Friday,2021,9,4,JiuZhaigou,2136.452379,2165.505025,3940.042596
2021-09-05,2393,523,243,936,114,829,Saturday,2021,9,5,JiuZhaigou,2488.722637,2104.548866,3799.728497
2021-09-06,2419,524,409,962,177,802,Sunday,2021,9,6,JiuZhaigou,2892.456271,1808.347148,3718.196581
2021-09-07,3137,525,430,982,158,676,Monday,2021,9,7,JiuZhaigou,3394.968907,1915.111947,3826.919146
2021-09-08,3728,526,454,965,137,634,Tuesday,2021,9,8,JiuZhaigou,3912.603702,1840.125736,3975.270562
2021-09-09,4295,527,439,986,146,652,Wednesday,2021,9,9,JiuZhaigou,4435.78345,2100.821748,3758.394802
2021-09-10,5056,528,426,1077,137,586,Thursday,2021,9,10,JiuZhaigou,4964.977175,2096.338414,3994.684411
2021-09-11,5754,529,265,1206,146,889,Friday,2021,9,11,JiuZhaigou,5500.962899,2200.653459,4052.383642
2021-09-12,6377,530,268,1276,133,908,Saturday,2021,9,12,JiuZhaigou,6044.186441,2079.948426,4252.865133
