date,tourist,pc_Siguniang,mob_Siguniang,pc_SichuanEpidemic,mob_SichuanEpidemic,time_idx,weekday,year,month,day,destination,Trend,Seasonal,Resid
2020-04-01,101,388,856,271,959,1,Tuesday,2020,4,1,SiGuniang,149.5868434,969.9143162,2481.49884
2020-04-02,122,445,873,243,933,2,Wednesday,2020,4,2,SiGuniang,166.2074955,957.303377,2498.489127
2020-04-03,149,333,877,201,841,3,Thursday,2020,4,3,SiGuniang,181.7966752,990.2988989,2476.904426
2020-04-04,850,218,945,116,886,4,Friday,2020,4,4,SiGuniang,196.3259585,955.0009712,3198.67307
2020-04-05,1499,180,912,106,794,5,Saturday,2020,4,5,SiGuniang,210.2045843,1230.235815,3558.559601
2020-04-06,389,197,878,151,798,6,Sunday,2020,4,6,SiGuniang,225.3091957,997.9089739,2665.78183
2020-04-07,162,324,851,179,769,7,Monday,2020,4,7,SiGuniang,248.7251612,904.8065616,2508.468277
2020-04-08,157,302,852,159,690,8,Tuesday,2020,4,8,SiGuniang,257.6980483,954.2795258,2445.022426
2020-04-09,159,386,862,137,641,9,Wednesday,2020,4,9,SiGuniang,251.0933527,939.2864049,2468.620242
2020-04-10,213,343,861,142,635,10,Thursday,2020,4,10,SiGuniang,244.3234817,976.575655,2492.100863
2020-04-11,294,226,904,123,666,11,Friday,2020,4,11,SiGuniang,245.3654044,1026.633292,2522.001304
2020-04-12,491,226,870,120,787,12,Saturday,2020,4,12,SiGuniang,255.6279754,1237.269671,2498.102354
2020-04-13,194,422,860,170,849,13,Sunday,2020,4,13,SiGuniang,272.3609525,967.1276171,2454.51143
2020-04-14,136,354,872,142,635,14,Monday,2020,4,14,SiGuniang,291.9290809,904.9107636,2439.160156
2020-04-15,294,344,880,163,662,15,Tuesday,2020,4,15,SiGuniang,311.1299137,937.7066948,2545.163391
2020-04-16,232,335,876,137,642,16,Wednesday,2020,4,16,SiGuniang,321.9819239,920.3665964,2489.65148
2020-04-17,375,395,900,150,720,17,Thursday,2020,4,17,SiGuniang,327.6410075,963.2382938,2584.120699
2020-04-18,817,208,910,225,1360,18,Friday,2020,4,18,SiGuniang,332.3921544,1099.038942,2885.568904
2020-04-19,658,202,933,133,855,19,Saturday,2020,4,19,SiGuniang,333.2560566,1245.01226,2579.731683
2020-04-20,164,409,920,193,765,20,Sunday,2020,4,20,SiGuniang,328.8126224,937.329543,2397.857835
2020-04-21,213,416,913,150,871,21,Monday,2020,4,21,SiGuniang,319.6663074,903.7945804,2489.539112
2020-04-22,255,499,919,144,808,22,Tuesday,2020,4,22,SiGuniang,309.4193673,920.4178922,2525.16274
2020-04-23,181,453,918,163,751,23,Wednesday,2020,4,23,SiGuniang,314.0202723,900.5843608,2466.395367
2020-04-24,247,454,921,161,829,24,Thursday,2020,4,24,SiGuniang,337.6793035,950.6820099,2458.638687
2020-04-25,494,281,975,101,649,25,Friday,2020,4,25,SiGuniang,375.9733107,1171.822813,2446.203876
2020-04-26,440,595,1029,157,709,26,Saturday,2020,4,26,SiGuniang,424.8969293,1253.658054,2261.445016
2020-04-27,389,706,1089,152,599,27,Sunday,2020,4,27,SiGuniang,484.6483801,908.0306431,2496.320977
2020-04-28,470,707,1148,131,556,28,Monday,2020,4,28,SiGuniang,560.5404501,901.7312585,2507.728291
2020-04-29,501,841,1437,129,550,29,Tuesday,2020,4,29,SiGuniang,654.796823,902.6051031,2443.598074
2020-04-30,674,863,1823,139,572,30,Wednesday,2020,4,30,SiGuniang,764.2601769,880.3183576,2529.421465
2020-05-01,4014,366,2161,112,852,31,Thursday,2020,5,1,SiGuniang,743.7305541,938.8280715,5831.441374
2020-05-02,5400,355,2225,89,770,32,Friday,2020,5,2,SiGuniang,685.9246276,1244.384548,6969.690824
2020-05-03,5400,344,1885,101,630,33,Saturday,2020,5,3,SiGuniang,681.5033961,1262.632298,6955.864306
2020-05-04,5400,357,1591,89,501,34,Sunday,2020,5,4,SiGuniang,681.4812069,879.3495055,7339.169288
2020-05-05,1896,279,1160,101,416,35,Monday,2020,5,5,SiGuniang,693.1150122,899.4615569,3803.423431
2020-05-06,553,512,946,140,413,36,Tuesday,2020,5,6,SiGuniang,669.0697917,884.1905827,2499.739626
2020-05-07,496,366,948,83,376,37,Wednesday,2020,5,7,SiGuniang,600.9572574,860.481247,2534.561496
2020-05-08,373,456,989,97,365,38,Thursday,2020,5,8,SiGuniang,582.046678,926.7656067,2364.187715
2020-05-09,454,364,915,110,312,39,Friday,2020,5,9,SiGuniang,576.0710957,1316.553295,2061.375609
2020-05-10,479,236,959,78,366,40,Saturday,2020,5,10,SiGuniang,572.9283054,1271.300667,2134.771028
2020-05-11,347,395,911,133,483,41,Sunday,2020,5,11,SiGuniang,569.3573234,851.8924621,2425.750214
2020-05-12,553,447,885,110,454,42,Monday,2020,5,12,SiGuniang,572.3993822,898.5466412,2582.053977
2020-05-13,451,405,895,125,429,43,Tuesday,2020,5,13,SiGuniang,590.1167401,864.2401096,2496.64315
2020-05-14,464,380,902,104,384,44,Wednesday,2020,5,14,SiGuniang,604.9664002,842.5837805,2516.449819
2020-05-15,536,397,907,95,370,45,Thursday,2020,5,15,SiGuniang,614.9103416,910.7669261,2510.322732
2020-05-16,1002,219,905,87,370,46,Friday,2020,5,16,SiGuniang,621.2794358,1389.08719,2491.633374
2020-05-17,909,225,946,78,352,47,Saturday,2020,5,17,SiGuniang,618.2302507,1275.641269,2515.12848
2020-05-18,445,385,894,97,374,48,Sunday,2020,5,18,SiGuniang,608.6311121,831.3332662,2505.035622
2020-05-19,2185,347,899,85,307,49,Monday,2020,5,19,SiGuniang,594.4204224,902.8839781,4187.6956
2020-05-20,538,330,860,112,291,50,Tuesday,2020,5,20,SiGuniang,575.2092016,845.4232897,2617.367509
2020-05-21,342,391,905,85,280,51,Wednesday,2020,5,21,SiGuniang,557.4581956,828.8230275,2455.718777
2020-05-22,413,453,934,399,992,52,Thursday,2020,5,22,SiGuniang,543.1100034,898.5458913,2471.344105
2020-05-23,1482,323,964,108,539,53,Friday,2020,5,23,SiGuniang,532.9841954,1412.914885,3036.10092
2020-05-24,734,285,958,129,833,54,Saturday,2020,5,24,SiGuniang,533.7714734,1291.043619,2409.184907
2020-05-25,325,577,1045,267,906,55,Sunday,2020,5,25,SiGuniang,548.6599979,830.9325473,2445.407455
2020-05-26,454,470,919,139,591,56,Monday,2020,5,26,SiGuniang,583.5646679,904.534701,2465.900631
2020-05-27,430,529,956,137,468,57,Tuesday,2020,5,27,SiGuniang,640.3714296,831.4165937,2458.211977
2020-05-28,472,403,925,127,376,58,Wednesday,2020,5,28,SiGuniang,698.2118431,814.7971815,2458.990975
2020-05-29,815,434,946,106,360,59,Thursday,2020,5,29,SiGuniang,740.4303375,887.8702185,2686.699444
2020-05-30,1503,243,955,101,464,60,Friday,2020,5,30,SiGuniang,766.7375731,1431.54044,2804.721987
2020-05-31,1206,264,957,85,299,61,Saturday,2020,5,31,SiGuniang,786.8454652,1311.034122,2608.120412
2020-06-01,685,389,898,631,1635,62,Sunday,2020,6,1,SiGuniang,807.4673557,837.5169763,2540.015668
2020-06-02,498,428,914,304,960,63,Monday,2020,6,2,SiGuniang,820.7296072,897.1690082,2280.101385
2020-06-03,526,423,901,176,786,64,Tuesday,2020,6,3,SiGuniang,828.5129713,824.6998186,2372.78721
2020-06-04,580,433,910,135,556,65,Wednesday,2020,6,4,SiGuniang,840.2029227,813.8603581,2425.936719
2020-06-05,777,416,945,172,719,66,Thursday,2020,6,5,SiGuniang,856.9636833,874.5798518,2545.456465
2020-06-06,1573,270,958,87,448,67,Friday,2020,6,6,SiGuniang,882.6693334,1435.522695,2754.807971
2020-06-07,1278,253,959,91,430,68,Saturday,2020,6,7,SiGuniang,914.1441652,1308.380706,2555.475128
2020-06-08,706,515,934,209,848,69,Sunday,2020,6,8,SiGuniang,938.3940525,856.6264159,2410.979532
2020-06-09,886,417,947,200,699,70,Monday,2020,6,9,SiGuniang,949.4321219,889.6027631,2546.965115
2020-06-10,767,490,954,197,586,71,Tuesday,2020,6,10,SiGuniang,945.5265345,825.088485,2496.38498
2020-06-11,820,487,946,150,539,72,Wednesday,2020,6,11,SiGuniang,928.7441188,826.0043143,2565.251567
2020-06-12,774,473,951,121,475,73,Thursday,2020,6,12,SiGuniang,907.6190611,860.9482175,2505.432721
2020-06-13,1887,279,950,152,864,74,Friday,2020,6,13,SiGuniang,878.6636689,1427.253484,3081.082847
2020-06-14,1639,239,976,193,923,75,Saturday,2020,6,14,SiGuniang,838.1815948,1291.910667,3008.907738
2020-06-15,673,430,946,865,2329,76,Sunday,2020,6,15,SiGuniang,790.9231483,877.5746096,2504.502242
2020-06-16,764,448,906,929,3071,77,Monday,2020,6,16,SiGuniang,741.4053413,889.2951838,2633.299475
2020-06-17,496,467,884,858,2964,78,Tuesday,2020,6,17,SiGuniang,692.3828995,825.6269977,2477.990103
2020-06-18,402,392,890,476,2212,79,Wednesday,2020,6,18,SiGuniang,653.1339368,836.786792,2412.079271
2020-06-19,383,354,903,592,1961,80,Thursday,2020,6,19,SiGuniang,625.5887998,855.437229,2401.973971
2020-06-20,875,262,890,250,1331,81,Friday,2020,6,20,SiGuniang,603.8830345,1413.545577,2357.571389
2020-06-21,923,243,921,222,999,82,Saturday,2020,6,21,SiGuniang,596.8471387,1284.858119,2541.294742
2020-06-22,576,532,938,563,1255,83,Sunday,2020,6,22,SiGuniang,607.4857629,894.8751929,2573.639044
2020-06-23,462,555,960,561,1378,84,Monday,2020,6,23,SiGuniang,610.2860943,900.1630784,2451.550827
2020-06-24,755,684,1222,324,1096,85,Tuesday,2020,6,24,SiGuniang,598.4956644,827.1988943,2829.305441
2020-06-25,2831,234,1112,146,930,86,Wednesday,2020,6,25,SiGuniang,568.7478384,846.5664255,4915.685736
2020-06-26,4260,231,996,180,915,87,Thursday,2020,6,26,SiGuniang,532.1413217,854.7546658,6373.104013
2020-06-27,936,299,969,162,888,88,Friday,2020,6,27,SiGuniang,502.8917445,1359.695675,2573.41258
2020-06-28,88,471,918,257,870,89,Saturday,2020,6,28,SiGuniang,477.4571784,1288.897342,1821.645479
2020-06-29,319,440,889,323,1016,90,Sunday,2020,6,29,SiGuniang,438.2528615,915.7226451,2465.024493
2020-06-30,192,381,891,257,959,91,Monday,2020,6,30,SiGuniang,403.402945,920.10967,2368.487385
2020-07-01,210,414,874,157,843,92,Tuesday,2020,7,1,SiGuniang,372.243756,834.5862437,2503.17
2020-07-02,327,448,914,179,850,93,Wednesday,2020,7,2,SiGuniang,350.7908964,855.7332583,2620.475845
2020-07-03,123,344,893,166,828,94,Thursday,2020,7,3,SiGuniang,345.3498755,852.7408341,2424.90929
2020-07-04,649,218,903,116,688,95,Friday,2020,7,4,SiGuniang,348.7202419,1298.087164,2502.192594
2020-07-05,476,239,919,139,855,96,Saturday,2020,7,5,SiGuniang,354.5244456,1285.618527,2335.857027
2020-07-06,334,417,890,175,782,97,Sunday,2020,7,6,SiGuniang,359.4632785,937.1091651,2537.427556
2020-07-07,312,377,884,194,854,98,Monday,2020,7,7,SiGuniang,362.9914077,940.6004541,2508.408138
2020-07-08,271,380,896,137,652,99,Tuesday,2020,7,8,SiGuniang,363.1614396,843.2371529,2564.601408
2020-07-09,272,394,903,162,808,100,Wednesday,2020,7,9,SiGuniang,363.4524945,863.3361941,2545.211311
2020-07-10,741,350,899,173,678,101,Thursday,2020,7,10,SiGuniang,368.2841267,857.1662472,3015.549626
2020-07-11,552,260,898,118,604,102,Friday,2020,7,11,SiGuniang,372.6916187,1252.396738,2426.911643
2020-07-12,364,257,971,99,582,103,Saturday,2020,7,12,SiGuniang,374.9442464,1277.361846,2211.693908
2020-07-13,351,372,927,127,571,104,Sunday,2020,7,13,SiGuniang,378.6951463,953.2560201,2519.048834
2020-07-14,351,436,900,129,506,105,Monday,2020,7,14,SiGuniang,394.3953913,953.9120252,2502.692584
2020-07-15,277,395,898,131,558,106,Tuesday,2020,7,15,SiGuniang,424.5910946,846.146268,2506.262637
2020-07-16,294,423,895,133,607,107,Wednesday,2020,7,16,SiGuniang,452.7180792,868.890387,2472.391534
2020-07-17,412,358,920,158,840,108,Thursday,2020,7,17,SiGuniang,472.5335961,871.3628487,2568.103555
2020-07-18,709,242,917,125,757,109,Friday,2020,7,18,SiGuniang,486.5981526,1217.492192,2504.909655
2020-07-19,855,240,942,99,632,110,Saturday,2020,7,19,SiGuniang,499.5470248,1274.358852,2581.094123
2020-07-20,400,425,925,247,967,111,Sunday,2020,7,20,SiGuniang,512.2582598,960.7988452,2426.942895
2020-07-21,476,433,939,186,884,112,Monday,2020,7,21,SiGuniang,523.6662582,961.5601741,2490.773568
2020-07-22,347,423,945,155,777,113,Tuesday,2020,7,22,SiGuniang,537.3477036,846.2986313,2463.353665
2020-07-23,414,459,904,165,736,114,Wednesday,2020,7,23,SiGuniang,558.4832043,871.5645919,2483.952204
2020-07-24,491,378,906,152,651,115,Thursday,2020,7,24,SiGuniang,587.7561591,894.3586599,2508.885181
2020-07-25,738,218,917,97,676,116,Friday,2020,7,25,SiGuniang,617.8977408,1182.656575,2437.445685
2020-07-26,965,335,1412,106,628,117,Saturday,2020,7,26,SiGuniang,640.2457382,1277.632263,2547.121999
2020-07-27,670,578,1110,234,946,118,Sunday,2020,7,27,SiGuniang,658.7766769,963.1419111,2548.081412
2020-07-28,779,552,969,205,891,119,Monday,2020,7,28,SiGuniang,688.2082934,964.5718021,2626.219904
2020-07-29,378,492,958,177,851,120,Tuesday,2020,7,29,SiGuniang,730.8673837,849.4067322,2297.725884
2020-07-30,515,487,963,209,857,121,Wednesday,2020,7,30,SiGuniang,781.0878067,872.9522287,2360.959965
2020-07-31,578,380,954,200,851,122,Thursday,2020,7,31,SiGuniang,848.3488197,915.4248916,2314.226289
2020-08-01,1048,247,987,116,716,123,Friday,2020,8,1,SiGuniang,933.5482681,1146.794928,2467.656804
2020-08-02,1356,236,1095,207,1165,124,Saturday,2020,8,2,SiGuniang,1030.104253,1282.62222,2543.273527
2020-08-03,1557,557,1119,208,900,125,Sunday,2020,8,3,SiGuniang,1135.38351,965.1560746,2956.460415
2020-08-04,1302,613,1169,218,889,126,Monday,2020,8,4,SiGuniang,1238.214117,963.210504,2600.575379
2020-08-05,1320,563,1150,191,877,127,Tuesday,2020,8,5,SiGuniang,1331.825906,856.7150946,2631.459
2020-08-06,1245,554,1222,166,790,128,Wednesday,2020,8,6,SiGuniang,1390.717982,876.8307353,2477.451283
2020-08-07,1370,544,1386,219,859,129,Thursday,2020,8,7,SiGuniang,1365.755413,926.0535289,2578.191058
2020-08-08,1612,290,1305,114,762,130,Friday,2020,8,8,SiGuniang,1303.980737,1123.152165,2684.867098
2020-08-09,2241,310,1283,93,708,131,Saturday,2020,8,9,SiGuniang,1244.84323,1282.486498,3213.670272
2020-08-10,1769,568,1303,247,940,132,Sunday,2020,8,10,SiGuniang,1185.148505,962.6476967,3121.203798
2020-08-11,1044,498,1076,163,757,133,Monday,2020,8,11,SiGuniang,1114.10131,954.0336459,2475.865045
2020-08-12,787,493,987,139,776,134,Tuesday,2020,8,12,SiGuniang,1021.225445,863.1924611,2402.582094
2020-08-13,909,930,2375,162,818,135,Wednesday,2020,8,13,SiGuniang,911.1056149,876.7493235,2621.145062
2020-08-14,849,571,1235,154,853,136,Thursday,2020,8,14,SiGuniang,794.6940128,923.2934994,2631.012488
2020-08-15,1629,242,1065,151,882,137,Friday,2020,8,15,SiGuniang,680.198778,1133.819714,3314.981508
2020-08-16,745,245,948,118,857,138,Saturday,2020,8,16,SiGuniang,570.3220817,1309.307089,2365.370829
2020-08-17,445,484,1029,204,853,139,Sunday,2020,8,17,SiGuniang,456.7732189,949.1052003,2539.121581
2020-08-18,18,617,1233,166,653,140,Monday,2020,8,18,SiGuniang,336.464513,928.7228608,2252.812626
2020-08-19,102,470,962,123,719,141,Tuesday,2020,8,19,SiGuniang,234.2210941,866.094902,2501.684004
2020-08-20,19,422,898,190,729,142,Wednesday,2020,8,20,SiGuniang,175.2647878,874.871422,2468.86379
2020-08-21,15,416,872,152,681,143,Thursday,2020,8,21,SiGuniang,143.7811422,926.0094358,2445.209422
2020-08-22,24,236,871,104,563,144,Friday,2020,8,22,SiGuniang,123.2978886,1164.539329,2236.162782
2020-08-23,10,216,870,80,478,145,Saturday,2020,8,23,SiGuniang,113.6964237,1326.372365,2069.931211
2020-08-24,49,447,893,170,674,146,Sunday,2020,8,24,SiGuniang,106.1505548,933.6315718,2509.217873
2020-08-25,15,431,902,154,620,147,Monday,2020,8,25,SiGuniang,102.7539171,891.9880394,2520.258043
2020-08-26,30,425,862,158,776,148,Tuesday,2020,8,26,SiGuniang,103.7920041,864.8435578,2561.364438
2020-08-27,8,443,856,169,783,149,Wednesday,2020,8,27,SiGuniang,104.2036108,878.2552107,2525.541179
2020-08-28,21,405,864,175,757,150,Thursday,2020,8,28,SiGuniang,112.5802324,943.7775576,2464.64221
2020-08-29,91,218,866,121,620,151,Friday,2020,8,29,SiGuniang,125.8935392,1196.102218,2269.004242
2020-08-30,56,213,846,99,609,152,Saturday,2020,8,30,SiGuniang,139.6952247,1331.468908,2084.835867
2020-08-31,67,488,843,155,436,153,Sunday,2020,8,31,SiGuniang,153.8753109,909.9973111,2503.127378
2020-09-01,48,484,851,129,458,154,Monday,2020,9,1,SiGuniang,174.5420435,853.8221721,2519.635784
2020-09-02,83,580,877,139,603,155,Tuesday,2020,9,2,SiGuniang,204.8941948,855.72426,2522.381545
2020-09-03,183,642,879,169,571,156,Wednesday,2020,9,3,SiGuniang,251.1760894,884.3880172,2547.435893
2020-09-04,135,484,881,118,437,157,Thursday,2020,9,4,SiGuniang,312.5915903,967.5833562,2354.825053
2020-09-05,294,259,894,129,404,158,Friday,2020,9,5,SiGuniang,371.2032175,1230.57612,2192.220663
2020-09-06,288,312,917,114,432,159,Saturday,2020,9,6,SiGuniang,421.9143383,1344.038046,2022.047616
2020-09-07,397,644,920,166,551,160,Sunday,2020,9,7,SiGuniang,472.5359557,873.4804173,2550.983627
2020-09-08,430,678,929,190,606,161,Monday,2020,9,8,SiGuniang,527.995398,819.3888012,2582.615801
2020-09-09,492,575,929,120,471,162,Tuesday,2020,9,9,SiGuniang,586.4371303,830.8127048,2574.750165
2020-09-10,384,582,931,123,354,163,Wednesday,2020,9,10,SiGuniang,634.6915937,877.421149,2371.887257
2020-09-11,292,532,939,144,412,164,Thursday,2020,9,11,SiGuniang,679.0884563,979.7098024,2133.201741
2020-09-12,968,327,963,85,365,165,Friday,2020,9,12,SiGuniang,725.9606313,1316.345227,2425.694142
2020-09-13,1184,321,966,114,358,166,Saturday,2020,9,13,SiGuniang,784.1173763,1369.712157,2530.170467
2020-09-14,628,637,982,131,391,167,Sunday,2020,9,14,SiGuniang,859.1494674,829.5384898,2439.312043
2020-09-15,738,671,963,223,856,168,Monday,2020,9,15,SiGuniang,946.8780918,786.0101662,2505.111742
2020-09-16,461,597,967,205,871,169,Tuesday,2020,9,16,SiGuniang,1031.883251,793.0907384,2136.026011
2020-09-17,992,558,962,148,667,170,Wednesday,2020,9,17,SiGuniang,1102.411643,846.1536934,2543.434664
2020-09-18,1220,569,1009,120,584,171,Thursday,2020,9,18,SiGuniang,1157.213573,961.6583297,2601.128098
2020-09-19,1773,349,1056,162,924,172,Friday,2020,9,19,SiGuniang,1197.506377,1487.065667,2588.427956
2020-09-20,1718,310,1108,140,883,173,Saturday,2020,9,20,SiGuniang,1215.710816,1386.065578,2616.223606
2020-09-21,1019,667,1167,229,871,174,Sunday,2020,9,21,SiGuniang,1214.065577,789.2297312,2515.704692
2020-09-22,843,724,1108,218,855,175,Monday,2020,9,22,SiGuniang,1199.688082,755.7279391,2387.583979
2020-09-23,898,627,1128,193,857,176,Tuesday,2020,9,23,SiGuniang,1162.025879,754.062024,2481.912097
2020-09-24,1029,645,1150,293,1098,177,Wednesday,2020,9,24,SiGuniang,1110.194804,817.8745191,2600.930677
2020-09-25,1163,656,1098,850,1974,178,Thursday,2020,9,25,SiGuniang,1054.411356,945.2538858,2663.334759
2020-09-26,1052,431,1249,329,1817,179,Friday,2020,9,26,SiGuniang,988.8395734,1613.958694,1949.201733
2020-09-27,1213,820,1384,583,1595,180,Saturday,2020,9,27,SiGuniang,885.159239,1384.760878,2443.079883
2020-09-28,1055,845,1463,434,1160,181,Sunday,2020,9,28,SiGuniang,720.9618086,755.4089221,3078.629269
2020-09-29,1022,852,1642,450,1062,182,Monday,2020,9,29,SiGuniang,498.4516938,739.5233233,3284.024983
2020-09-30,1224,825,1951,274,944,183,Tuesday,2020,9,30,SiGuniang,857.158309,718.7993875,3148.042303
2020-10-01,4174,309,2356,104,844,184,Wednesday,2020,10,1,SiGuniang,828.2391216,799.4626747,6046.298204
2020-10-02,11559,324,2731,123,890,185,Thursday,2020,10,2,SiGuniang,2938.280434,943.784397,11176.93517
2020-10-03,13000,374,2851,97,859,186,Friday,2020,10,3,SiGuniang,5048.321746,1710.115453,9741.562802
2020-10-04,13000,304,2796,102,805,187,Saturday,2020,10,4,SiGuniang,5048.321746,1380.565166,10071.11309
2020-10-05,12677,329,2302,91,637,188,Sunday,2020,10,5,SiGuniang,5048.321746,724.696265,10403.98199
2020-10-06,9308,299,1964,106,719,189,Monday,2020,10,6,SiGuniang,5048.321746,728.6334478,7031.044806
2020-10-07,4734,324,1772,127,872,190,Tuesday,2020,10,7,SiGuniang,5048.321746,685.6782542,2500
2020-10-08,2043,357,1519,133,749,191,Wednesday,2020,10,8,SiGuniang,4586.945874,782.7514892,173.3026365
2020-10-09,1739,631,1289,157,624,192,Thursday,2020,10,9,SiGuniang,4150.775543,940.5855817,147.6388751
2020-10-10,1784,496,1062,157,621,193,Friday,2020,10,10,SiGuniang,3747.130352,1804.970946,-268.1012975
2020-10-11,1879,285,994,116,549,194,Saturday,2020,10,11,SiGuniang,3342.548415,1377.09308,659.3585053
2020-10-12,1626,518,1032,304,909,195,Sunday,2020,10,12,SiGuniang,2765.689065,696.9559083,1663.355026
2020-10-13,1998,535,1005,264,930,196,Monday,2020,10,13,SiGuniang,2252.106999,717.9334836,2527.959517
2020-10-14,1915,443,986,187,685,197,Tuesday,2020,10,14,SiGuniang,2258.664717,660.4556695,2495.879614
2020-10-15,2005,530,964,148,614,198,Wednesday,2020,10,15,SiGuniang,2297.618056,764.5099563,2442.871988
2020-10-16,2163,453,975,104,581,199,Thursday,2020,10,16,SiGuniang,2345.162068,923.6365326,2394.201399
2020-10-17,3589,219,978,144,571,200,Friday,2020,10,17,SiGuniang,2392.625574,1880.672303,2815.702123
2020-10-18,2842,231,997,102,498,201,Saturday,2020,10,18,SiGuniang,2440.005295,1388.316667,2513.678038
2020-10-19,2207,574,1057,154,400,202,Sunday,2020,10,19,SiGuniang,2492.506311,668.1811828,2546.312506
2020-10-20,1834,481,998,162,496,203,Monday,2020,10,20,SiGuniang,2546.404109,707.6503518,2079.945539
2020-10-21,2222,502,1056,123,408,204,Tuesday,2020,10,21,SiGuniang,2575.604155,642.7181236,2503.677722
2020-10-22,2357,509,997,99,346,205,Wednesday,2020,10,22,SiGuniang,2566.482088,731.1046043,2559.413308
2020-10-23,2855,443,1000,91,348,206,Thursday,2020,10,23,SiGuniang,2559.035536,886.897369,2909.067095
2020-10-24,4822,223,1058,93,433,207,Friday,2020,10,24,SiGuniang,2551.944508,2036.638816,3733.416676
2020-10-25,4569,253,1140,101,426,208,Saturday,2020,10,25,SiGuniang,2536.932836,1389.25762,4142.809545
2020-10-26,2139,540,1014,139,558,209,Sunday,2020,10,26,SiGuniang,2518.665919,630.6277405,2489.706341
2020-10-27,2209,425,964,142,457,210,Monday,2020,10,27,SiGuniang,2496.914713,704.60981,2507.475477
2020-10-28,2106,445,961,114,473,211,Tuesday,2020,10,28,SiGuniang,2475.47145,638.0805606,2492.44799
2020-10-29,2551,459,987,125,376,212,Wednesday,2020,10,29,SiGuniang,2443.219614,705.769373,2902.011013
2020-10-30,2320,457,993,140,628,213,Thursday,2020,10,30,SiGuniang,2398.324752,857.2400357,2564.435213
2020-10-31,3498,212,978,121,663,214,Friday,2020,10,31,SiGuniang,2344.699507,2098.472256,2554.828237
2020-11-01,3656,236,1002,66,446,215,Saturday,2020,11,1,SiGuniang,2285.522365,1379.79272,3490.684915
2020-11-02,1850,423,992,118,376,216,Sunday,2020,11,2,SiGuniang,2213.367836,620.4474421,2516.184722
2020-11-03,1909,426,968,151,574,217,Monday,2020,11,3,SiGuniang,2125.281198,714.1745121,2569.544289
2020-11-04,1625,414,969,110,487,218,Tuesday,2020,11,4,SiGuniang,2031.563432,656.7469387,2436.68963
2020-11-05,1654,454,942,118,426,219,Wednesday,2020,11,5,SiGuniang,1941.261585,715.06343,2497.674985
2020-11-06,2886,416,958,91,372,220,Thursday,2020,11,6,SiGuniang,1857.359333,862.9107105,3665.729956
2020-11-07,3624,216,953,85,317,221,Friday,2020,11,7,SiGuniang,1776.400724,2003.972694,3343.626582
2020-11-08,3117,259,998,80,366,222,Saturday,2020,11,8,SiGuniang,1694.551766,1378.762949,3543.685285
2020-11-09,1219,442,940,106,479,223,Sunday,2020,11,9,SiGuniang,1617.40895,637.680869,2463.910181
2020-11-10,1257,402,1047,151,628,224,Monday,2020,11,10,SiGuniang,1542.326585,735.5777193,2479.095696
2020-11-11,1257,340,883,150,641,225,Tuesday,2020,11,11,SiGuniang,1482.959269,684.887245,2589.153486
2020-11-12,1047,457,953,180,798,226,Wednesday,2020,11,12,SiGuniang,1426.462117,733.7502371,2386.787645
2020-11-13,1566,416,1027,146,582,227,Thursday,2020,11,13,SiGuniang,1366.80036,874.8410196,2824.35862
2020-11-14,2226,222,942,85,469,228,Friday,2020,11,14,SiGuniang,1309.565583,1909.775056,2506.65936
2020-11-15,2181,226,955,99,649,229,Saturday,2020,11,15,SiGuniang,1255.845828,1370.802866,3054.351305
2020-11-16,838,395,898,603,1328,230,Sunday,2020,11,16,SiGuniang,1204.315949,660.5128301,2473.171221
2020-11-17,868,425,921,606,1468,231,Monday,2020,11,17,SiGuniang,1158.722819,756.2437011,2453.03348
2020-11-18,802,336,917,304,929,232,Tuesday,2020,11,18,SiGuniang,1117.966948,713.4296439,2470.603408
2020-11-19,888,412,928,220,895,233,Wednesday,2020,11,19,SiGuniang,1081.313761,748.6208606,2558.065378
2020-11-20,897,344,899,207,904,234,Thursday,2020,11,20,SiGuniang,1042.751149,880.2201941,2474.028657
2020-11-21,1832,211,921,150,907,235,Friday,2020,11,21,SiGuniang,998.9706625,1811.553025,2521.476313
2020-11-22,1500,202,910,137,854,236,Saturday,2020,11,22,SiGuniang,951.3261847,1387.52336,2661.150456
2020-11-23,556,380,874,213,925,237,Sunday,2020,11,23,SiGuniang,898.4651067,686.5863968,2470.948496
2020-11-24,581,389,875,207,882,238,Monday,2020,11,24,SiGuniang,838.5840796,778.3247693,2464.091151
2020-11-25,529,357,882,172,743,239,Tuesday,2020,11,25,SiGuniang,775.2771483,746.0363093,2507.686542
2020-11-26,499,341,911,182,837,240,Wednesday,2020,11,26,SiGuniang,713.8352815,773.3048633,2511.859855
2020-11-27,544,318,869,148,726,241,Thursday,2020,11,27,SiGuniang,662.3165335,883.8930862,2497.79038
2020-11-28,1228,209,914,97,756,242,Friday,2020,11,28,SiGuniang,620.534267,1721.771692,2385.694041
2020-11-29,878,215,889,110,761,243,Saturday,2020,11,29,SiGuniang,580.573485,1329.125169,2468.301347
2020-11-30,257,361,888,182,850,244,Sunday,2020,11,30,SiGuniang,542.1038529,724.8106906,2490.085456
2020-12-01,417,361,854,169,727,245,Monday,2020,12,1,SiGuniang,511.0061543,807.9726838,2598.021162
2020-12-02,272,350,849,121,560,246,Tuesday,2020,12,2,SiGuniang,487.3015816,783.7293998,2500.969019
2020-12-03,230,364,847,95,493,247,Wednesday,2020,12,3,SiGuniang,466.9728385,814.3868236,2448.640338
2020-12-04,264,323,844,110,506,248,Thursday,2020,12,4,SiGuniang,444.8494454,890.2872994,2428.863255
2020-12-05,1140,215,842,87,535,249,Friday,2020,12,5,SiGuniang,422.0199175,1643.050494,2574.929588
2020-12-06,605,201,852,82,504,250,Saturday,2020,12,6,SiGuniang,402.4362889,1246.205782,2456.357929
2020-12-07,179,437,878,859,3390,251,Sunday,2020,12,7,SiGuniang,387.8377519,765.3214737,2525.840774
2020-12-08,201,332,844,3604,12525,252,Monday,2020,12,8,SiGuniang,373.4504645,837.90713,2489.642406
2020-12-09,180,260,692,2660,9306,253,Tuesday,2020,12,9,SiGuniang,350.6316049,817.8988474,2511.469548
2020-12-10,200,288,646,1145,5739,254,Wednesday,2020,12,10,SiGuniang,323.6530466,854.4329791,2521.913974
2020-12-11,231,240,610,1463,6073,255,Thursday,2020,12,11,SiGuniang,300.4030778,900.935053,2529.661869
2020-12-12,284,150,567,856,4595,256,Friday,2020,12,12,SiGuniang,279.6022169,1553.5703,1950.827483
2020-12-13,213,209,597,860,5116,257,Saturday,2020,12,13,SiGuniang,258.8846575,1194.122388,2259.992955
2020-12-14,61,245,577,1108,4438,258,Sunday,2020,12,14,SiGuniang,236.9903342,803.8934476,2520.116218
2020-12-15,76,257,550,2350,6926,259,Monday,2020,12,15,SiGuniang,215.7579674,864.6487415,2495.593291
2020-12-16,67,234,567,995,4500,260,Tuesday,2020,12,16,SiGuniang,199.3081317,846.0062989,2521.685569
2020-12-17,72,234,606,945,3657,261,Wednesday,2020,12,17,SiGuniang,187.6327987,885.9486537,2498.418548
2020-12-18,117,188,552,1109,4186,262,Thursday,2020,12,18,SiGuniang,179.4524495,913.4719526,2524.075598
2020-12-19,155,200,717,416,2597,263,Friday,2020,12,19,SiGuniang,172.7071215,1463.38736,2018.905519
2020-12-20,189,159,687,336,2209,264,Saturday,2020,12,20,SiGuniang,166.4986968,1155.731358,2366.769945
2020-12-21,36,267,727,842,2035,265,Sunday,2020,12,21,SiGuniang,160.1622491,841.5229391,2534.314812
2020-12-22,52,288,775,786,1989,266,Monday,2020,12,22,SiGuniang,156.4414246,887.3202935,2508.238282
2020-12-23,47,273,685,605,1887,267,Tuesday,2020,12,23,SiGuniang,158.5123908,871.383881,2517.103728
2020-12-24,73,240,620,671,1530,268,Wednesday,2020,12,24,SiGuniang,168.504307,909.353436,2495.142257
2020-12-25,82,251,643,524,1462,269,Thursday,2020,12,25,SiGuniang,184.3482289,924.8647254,2472.787046
2020-12-26,174,187,733,313,1479,270,Friday,2020,12,26,SiGuniang,201.8836912,1384.102679,2088.01363
2020-12-27,266,198,839,237,1337,271,Saturday,2020,12,27,SiGuniang,223.9715122,1125.461273,2416.567215
2020-12-28,127,465,858,566,1448,272,Sunday,2020,12,28,SiGuniang,251.7199093,875.7422222,2499.537868
2020-12-29,221,433,927,509,1502,273,Monday,2020,12,29,SiGuniang,287.5481965,905.2573373,2528.194466
2020-12-30,172,377,883,475,1072,274,Tuesday,2020,12,30,SiGuniang,314.5172212,892.9208905,2464.561888
2020-12-31,372,400,888,391,988,275,Wednesday,2020,12,31,SiGuniang,314.1607778,931.050448,2626.788774
2021-01-01,988,188,974,127,890,276,Thursday,2021,1,1,SiGuniang,305.7538319,935.1975664,3247.048602
2021-01-02,2371,239,1222,172,912,277,Friday,2021,1,2,SiGuniang,296.4166491,1306.478047,4268.105304
2021-01-03,513,343,1644,198,956,278,Saturday,2021,1,3,SiGuniang,284.3052464,1108.400764,2620.29399
2021-01-04,80,399,1016,633,1317,279,Sunday,2021,1,4,SiGuniang,266.3835052,905.7884458,2407.828049
2021-01-05,116,391,948,530,1450,280,Monday,2021,1,5,SiGuniang,235.2488735,922.6931801,2458.057946
2021-01-06,134,347,899,637,1903,281,Tuesday,2021,1,6,SiGuniang,207.9823791,912.9830847,2513.034536
2021-01-07,114,366,991,779,2019,282,Wednesday,2021,1,7,SiGuniang,189.3825148,953.1149704,2471.502515
2021-01-08,126,389,1067,496,1813,283,Thursday,2021,1,8,SiGuniang,176.2743929,948.3477856,2501.377821
2021-01-09,363,271,1030,341,1706,284,Friday,2021,1,9,SiGuniang,168.1310359,1201.354594,2493.51437
2021-01-10,257,223,1002,273,1527,285,Saturday,2021,1,10,SiGuniang,161.005473,1107.791613,2488.202914
2021-01-11,114,316,915,682,1551,286,Sunday,2021,1,11,SiGuniang,154.1436986,932.9671358,2526.889166
2021-01-12,72,285,875,664,1653,287,Monday,2021,1,12,SiGuniang,146.8696063,939.8766213,2485.253772
2021-01-13,75,296,862,763,1777,288,Tuesday,2021,1,13,SiGuniang,140.168406,926.9644225,2507.867171
2021-01-14,93,299,867,682,1745,289,Wednesday,2021,1,14,SiGuniang,137.1980655,965.8635715,2489.938363
2021-01-15,116,312,931,732,1962,290,Thursday,2021,1,15,SiGuniang,138.0161796,959.4762868,2518.507534
2021-01-16,187,226,942,374,1911,291,Friday,2021,1,16,SiGuniang,140.6016654,1137.421975,2408.97636
2021-01-17,239,205,926,361,1655,292,Saturday,2021,1,17,SiGuniang,142.2919215,1106.530512,2490.177566
2021-01-18,154,220,880,634,1602,293,Sunday,2021,1,18,SiGuniang,143.1377724,952.5744296,2558.287798
2021-01-19,122,254,853,566,1462,294,Monday,2021,1,19,SiGuniang,146.5048885,951.6313106,2523.863801
2021-01-20,105,287,851,884,2177,295,Tuesday,2021,1,20,SiGuniang,153.4600575,933.4015197,2518.138423
2021-01-21,80,237,857,599,1345,296,Wednesday,2021,1,21,SiGuniang,160.2581531,970.7837937,2448.958053
2021-01-22,96,231,844,405,1270,297,Thursday,2021,1,22,SiGuniang,162.0668636,971.2077092,2462.725427
2021-01-23,283,173,856,417,1781,298,Friday,2021,1,23,SiGuniang,161.1036477,1107.464779,2514.431573
2021-01-24,316,173,872,333,1610,299,Saturday,2021,1,24,SiGuniang,162.0148885,1094.842357,2559.142754
2021-01-25,129,234,847,568,1079,300,Sunday,2021,1,25,SiGuniang,163.7112024,961.5833073,2503.70549
2021-01-26,114,237,842,347,929,301,Monday,2021,1,26,SiGuniang,163.8624379,962.2256809,2487.911881
2021-01-27,80,239,829,360,1022,302,Tuesday,2021,1,27,SiGuniang,160.2629252,937.0529893,2482.684086
2021-01-28,181,264,847,323,952,303,Wednesday,2021,1,28,SiGuniang,154.4011368,978.0887284,2548.510135
2021-01-29,90,260,847,253,884,304,Thursday,2021,1,29,SiGuniang,150.5028959,982.1022503,2457.394854
2021-01-30,230,177,818,193,916,305,Friday,2021,1,30,SiGuniang,150.5969901,1081.119759,2498.283251
2021-01-31,218,182,852,220,978,306,Saturday,2021,1,31,SiGuniang,152.0200778,1083.143388,2482.836534
2021-02-01,108,250,851,279,867,307,Sunday,2021,2,1,SiGuniang,153.307727,963.3869332,2491.30534
2021-02-02,128,233,840,239,868,308,Monday,2021,2,2,SiGuniang,155.1351513,972.4224643,2500.442384
2021-02-03,147,239,702,333,937,309,Tuesday,2021,2,3,SiGuniang,159.2452317,939.8882218,2547.866546
2021-02-04,127,264,805,195,842,310,Wednesday,2021,2,4,SiGuniang,168.0831032,983.8844907,2475.032406
2021-02-05,140,257,844,184,770,311,Thursday,2021,2,5,SiGuniang,181.5442307,983.5026054,2474.953164
2021-02-06,245,186,852,116,680,312,Friday,2021,2,6,SiGuniang,196.9613437,1072.967378,2475.071278
2021-02-07,219,295,856,154,565,313,Saturday,2021,2,7,SiGuniang,217.0506246,1082.609263,2419.340112
2021-02-08,261,278,853,135,582,314,Sunday,2021,2,8,SiGuniang,252.6503728,959.219984,2549.129643
2021-02-09,255,198,865,123,695,315,Monday,2021,2,9,SiGuniang,303.878891,976.9305216,2474.190587
2021-02-10,217,191,853,89,666,316,Tuesday,2021,2,10,SiGuniang,367.2981597,938.6758944,2411.025946
2021-02-11,107,133,749,87,376,317,Wednesday,2021,2,11,SiGuniang,441.434248,984.0432963,2181.522456
2021-02-12,579,166,956,85,701,318,Thursday,2021,2,12,SiGuniang,531.3264731,977.597177,2570.07635
2021-02-13,2284,158,1018,93,547,319,Friday,2021,2,13,SiGuniang,653.7928178,1083.730837,4046.476345
2021-02-14,3370,161,1058,87,613,320,Saturday,2021,2,14,SiGuniang,742.5931455,1094.737625,5032.669229
2021-02-15,3021,187,1018,74,628,321,Sunday,2021,2,15,SiGuniang,825.267282,944.465551,4751.267167
2021-02-16,2410,161,1067,85,656,322,Monday,2021,2,16,SiGuniang,906.3351142,975.182796,4028.48209
2021-02-17,1847,172,1300,78,611,323,Tuesday,2021,2,17,SiGuniang,1091.587201,934.0314344,3321.381365
2021-02-18,1132,288,934,184,660,324,Wednesday,2021,2,18,SiGuniang,1166.676147,980.3368362,2484.987017
2021-02-19,1080,256,905,175,482,325,Thursday,2021,2,19,SiGuniang,993.4311482,969.7249078,2616.843944
2021-02-20,782,279,911,220,618,326,Friday,2021,2,20,SiGuniang,855.9437178,1109.013042,2317.04324
2021-02-21,728,179,882,101,646,327,Saturday,2021,2,21,SiGuniang,740.3927561,1113.519803,2374.087441
2021-02-22,477,307,857,182,673,328,Sunday,2021,2,22,SiGuniang,635.2491389,920.8932321,2420.857629
2021-02-23,521,420,871,188,521,329,Monday,2021,2,23,SiGuniang,534.7820419,969.5702388,2516.647719
2021-02-24,371,395,854,195,618,330,Tuesday,2021,2,24,SiGuniang,449.3224789,930.935,2490.742521
2021-02-25,533,561,906,177,529,331,Wednesday,2021,2,25,SiGuniang,386.9798539,973.448195,2672.571951
2021-02-26,217,304,846,159,441,332,Thursday,2021,2,26,SiGuniang,340.4570532,962.5993845,2413.943562
2021-02-27,247,184,859,89,461,333,Friday,2021,2,27,SiGuniang,300.6561763,1135.871572,2310.472251
2021-02-28,276,140,825,110,337,334,Saturday,2021,2,28,SiGuniang,264.018069,1137.8004,2374.181531
2021-03-01,161,326,762,250,846,335,Sunday,2021,3,1,SiGuniang,234.9019875,894.4164811,2531.681531
2021-03-02,219,295,776,172,737,336,Monday,2021,3,2,SiGuniang,221.0336032,960.8698716,2537.096525
2021-03-03,166,299,757,195,722,337,Tuesday,2021,3,3,SiGuniang,223.6076029,929.8095379,2512.582859
2021-03-04,180,305,783,222,592,338,Wednesday,2021,3,4,SiGuniang,233.0944948,962.0812267,2484.824279
2021-03-05,145,295,825,172,414,339,Thursday,2021,3,5,SiGuniang,240.140766,954.1445695,2450.714664
2021-03-06,387,179,846,118,387,340,Friday,2021,3,6,SiGuniang,243.4554842,1162.536289,2481.008226
2021-03-07,432,182,857,120,681,341,Saturday,2021,3,7,SiGuniang,246.7001032,1172.135717,2513.16418
2021-03-08,195,302,803,151,536,342,Sunday,2021,3,8,SiGuniang,254.6715713,865.6145595,2574.713869
2021-03-09,186,363,840,154,610,343,Monday,2021,3,9,SiGuniang,272.0585418,950.0385827,2463.902876
2021-03-10,196,374,830,121,419,344,Tuesday,2021,3,10,SiGuniang,297.1225558,931.3620274,2467.515417
2021-03-11,176,321,802,150,472,345,Wednesday,2021,3,11,SiGuniang,321.3531693,944.1812136,2410.465617
2021-03-12,243,329,856,131,472,346,Thursday,2021,3,12,SiGuniang,342.2397398,942.068754,2458.691506
2021-03-13,781,208,884,82,330,347,Friday,2021,3,13,SiGuniang,364.7541425,1195.982755,2720.263102
2021-03-14,678,169,873,99,340,348,Saturday,2021,3,14,SiGuniang,395.2741998,1209.937619,2572.788181
2021-03-15,207,355,865,179,324,349,Sunday,2021,3,15,SiGuniang,430.4251983,837.4430454,2439.131756
2021-03-16,368,372,866,158,613,350,Monday,2021,3,16,SiGuniang,466.5450439,938.3383491,2463.116607
2021-03-17,356,399,884,144,441,351,Tuesday,2021,3,17,SiGuniang,501.1653176,936.8154961,2418.019186
2021-03-18,504,363,882,159,342,352,Wednesday,2021,3,18,SiGuniang,533.9327633,918.3335461,2551.733691
2021-03-19,461,416,901,114,313,353,Thursday,2021,3,19,SiGuniang,569.9218251,930.9843826,2460.093792
2021-03-20,1100,229,934,89,349,354,Friday,2021,3,20,SiGuniang,609.6256726,1237.120659,2753.253669
2021-03-21,926,237,898,85,281,355,Saturday,2021,3,21,SiGuniang,646.3495121,1237.429018,2542.22147
2021-03-22,405,484,906,99,267,356,Sunday,2021,3,22,SiGuniang,673.3591605,810.3528531,2421.287986
2021-03-23,657,436,902,99,327,357,Monday,2021,3,23,SiGuniang,687.2313705,928.9715824,2540.797047
2021-03-24,721,434,911,93,333,358,Tuesday,2021,3,24,SiGuniang,691.4777566,941.3339051,2588.188338
2021-03-25,608,399,874,87,281,359,Wednesday,2021,3,25,SiGuniang,686.9665391,892.1053636,2528.928097
2021-03-26,600,372,918,106,314,360,Thursday,2021,3,26,SiGuniang,674.2941751,928.1284735,2497.577351
2021-03-27,881,216,910,95,681,361,Friday,2021,3,27,SiGuniang,651.9083872,1278.478356,2450.613257
2021-03-28,985,233,919,99,443,362,Saturday,2021,3,28,SiGuniang,624.271686,1251.539309,2609.189005
2021-03-29,413,544,932,101,374,363,Sunday,2021,3,29,SiGuniang,601.1808039,786.2143181,2525.604878
2021-03-30,334,572,929,83,321,364,Monday,2021,3,30,SiGuniang,583.4158816,919.0389653,2331.545153
2021-03-31,476,519,969,120,480,365,Tuesday,2021,3,31,SiGuniang,568.5093577,945.6576604,2461.832982
2021-04-01,394,585,1058,131,582,366,Wednesday,2021,4,1,SiGuniang,567.0719635,870.280592,2456.647444
2021-04-02,574,689,1305,177,763,367,Thursday,2021,4,2,SiGuniang,588.9395326,936.0781309,2548.982336
2021-04-03,3997,233,1492,114,460,368,Friday,2021,4,3,SiGuniang,603.8851719,1314.720019,5578.394809
2021-04-04,8207,226,1452,80,498,369,Saturday,2021,4,4,SiGuniang,616.1823122,1252.27154,9838.546148
2021-04-05,2031,259,1222,114,689,370,Sunday,2021,4,5,SiGuniang,627.8025622,766.3845328,4136.812905
2021-04-06,598,600,1135,137,577,371,Monday,2021,4,6,SiGuniang,640.1544457,908.8858966,2548.959658
2021-04-07,617,519,948,154,525,372,Tuesday,2021,4,7,SiGuniang,642.7971137,948.0585407,2526.144346
2021-04-08,431,454,943,146,367,373,Wednesday,2021,4,8,SiGuniang,626.4536974,857.9463297,2446.599973
2021-04-09,549,417,954,106,300,374,Thursday,2021,4,9,SiGuniang,624.1579042,944.8996318,2479.942464
2021-04-10,916,290,956,91,269,375,Friday,2021,4,10,SiGuniang,642.7403008,1345.361932,2427.897767
2021-04-11,750,273,968,89,372,376,Saturday,2021,4,11,SiGuniang,668.6423473,1244.902374,2336.455278
2021-04-12,482,512,983,114,351,377,Sunday,2021,4,12,SiGuniang,697.1423351,753.9309731,2530.926692
2021-04-13,933,589,1053,129,376,378,Monday,2021,4,13,SiGuniang,734.3293546,899.9645099,2798.706136
2021-04-14,777,555,990,120,345,379,Tuesday,2021,4,14,SiGuniang,777.4761044,938.5761442,2560.947751
2021-04-15,626,560,1013,112,327,380,Wednesday,2021,4,15,SiGuniang,811.7180556,847.5331018,2466.748843
2021-04-16,779,507,1144,91,288,381,Thursday,2021,4,16,SiGuniang,833.3892762,947.4692826,2498.141441
2021-04-17,1878,285,1089,82,273,382,Friday,2021,4,17,SiGuniang,845.1970701,1383.785992,3149.016938
2021-04-18,1286,285,1147,68,321,383,Saturday,2021,4,18,SiGuniang,853.461112,1249.789028,2682.749861
2021-04-19,454,620,1120,110,267,384,Sunday,2021,4,19,SiGuniang,863.0008718,746.6867053,2344.312423
2021-04-20,789,564,1187,106,302,385,Monday,2021,4,20,SiGuniang,871.9987645,889.3590986,2527.642137
2021-04-21,782,589,1198,93,270,386,Tuesday,2021,4,21,SiGuniang,875.5572052,917.076456,2489.366339
2021-04-22,758,622,1360,80,262,387,Wednesday,2021,4,22,SiGuniang,882.9856987,840.0665097,2534.947792
2021-04-23,793,533,1265,95,269,388,Thursday,2021,4,23,SiGuniang,899.6719922,948.182359,2445.145649
2021-04-24,1339,330,1401,95,298,389,Friday,2021,4,24,SiGuniang,925.3110567,1428.145222,2485.543721
2021-04-25,1022,766,1656,101,277,390,Saturday,2021,4,25,SiGuniang,977.1051351,1257.955431,2286.939434
2021-04-26,837,738,1589,91,359,391,Sunday,2021,4,26,SiGuniang,1062.694074,742.1753275,2532.130598
2021-04-27,761,665,1615,129,487,392,Monday,2021,4,27,SiGuniang,1166.608616,873.5459666,2220.845418
2021-04-28,825,609,1435,116,388,393,Tuesday,2021,4,28,SiGuniang,1289.693621,883.8101052,2151.496274
2021-04-29,1125,696,1819,101,409,394,Wednesday,2021,4,29,SiGuniang,1436.335037,836.7028263,2351.962136
2021-04-30,1740,720,2226,87,471,395,Thursday,2021,4,30,SiGuniang,1615.087117,949.2363818,2675.676501
2021-05-01,8906,312,2919,64,411,396,Friday,2021,5,1,SiGuniang,1633.568214,1477.62318,9294.808606
2021-05-02,17211,259,2903,78,270,397,Saturday,2021,5,2,SiGuniang,1560.462034,1268.415827,17882.12214
2021-05-03,14607,254,2564,97,379,398,Sunday,2021,5,3,SiGuniang,1556.207293,740.1886601,15810.60405
2021-05-04,10093,276,2207,104,559,399,Monday,2021,5,4,SiGuniang,1569.273639,853.7372857,11169.98907
2021-05-05,2656,358,1911,99,539,400,Tuesday,2021,5,5,SiGuniang,1632.449744,843.8501008,3679.700155
2021-05-06,1487,574,1428,144,453,401,Wednesday,2021,5,6,SiGuniang,1539.473793,827.8067405,2619.719466
2021-05-07,1171,540,1177,99,330,402,Thursday,2021,5,7,SiGuniang,1391.439422,946.5547944,2333.005784
2021-05-08,1305,490,1074,85,274,403,Friday,2021,5,8,SiGuniang,1287.227558,1532.240707,1985.531734
2021-05-09,1281,271,996,72,299,404,Saturday,2021,5,9,SiGuniang,1202.439972,1293.537519,2285.022509
2021-05-10,788,481,983,102,319,405,Sunday,2021,5,10,SiGuniang,1134.869795,744.4886797,2408.641525
2021-05-11,928,433,960,101,344,406,Monday,2021,5,11,SiGuniang,1090.673074,827.9409742,2509.385952
2021-05-12,906,423,958,91,256,407,Tuesday,2021,5,12,SiGuniang,1089.786596,804.000519,2512.212885
2021-05-13,666,476,983,97,338,408,Wednesday,2021,5,13,SiGuniang,1120.54034,811.6242683,2233.835392
2021-05-14,1042,412,1004,102,483,409,Thursday,2021,5,14,SiGuniang,1158.991035,937.3015688,2445.707396
2021-05-15,1765,226,1060,101,618,410,Friday,2021,5,15,SiGuniang,1200.759746,1587.176127,2477.064127
2021-05-16,1603,222,1069,102,716,411,Saturday,2021,5,16,SiGuniang,1251.252497,1323.133821,2528.613682
2021-05-17,1043,443,975,186,853,412,Sunday,2021,5,17,SiGuniang,1308.16316,752.1753616,2482.661479
2021-05-18,1203,422,964,182,866,413,Monday,2021,5,18,SiGuniang,1359.693793,807.509087,2535.79712
2021-05-19,2216,399,1659,139,586,414,Tuesday,2021,5,19,SiGuniang,1397.590669,764.084484,3554.324847
2021-05-20,1300,426,1185,91,539,415,Wednesday,2021,5,20,SiGuniang,1420.864972,791.5431729,2587.591855
2021-05-21,1441,397,1252,118,591,416,Thursday,2021,5,21,SiGuniang,1430.622971,918.8643388,2591.51269
2021-05-22,2122,240,961,106,517,417,Friday,2021,5,22,SiGuniang,1423.636992,1638.427551,2559.935457
2021-05-23,1787,239,1066,110,669,418,Saturday,2021,5,23,SiGuniang,1394.093061,1360.830684,2532.076256
2021-05-24,1115,471,961,139,658,419,Sunday,2021,5,24,SiGuniang,1354.868081,755.3810677,2504.750851
2021-05-25,959,425,964,137,574,420,Monday,2021,5,25,SiGuniang,1310.795212,801.5746156,2346.630172
2021-05-26,655,383,939,131,697,421,Tuesday,2021,5,26,SiGuniang,1264.738549,725.4789316,2164.78252
2021-05-27,1053,436,948,166,588,422,Wednesday,2021,5,27,SiGuniang,1223.079127,767.189884,2562.730989
2021-05-28,1143,400,953,187,702,423,Thursday,2021,5,28,SiGuniang,1189.245988,890.5965331,2563.157479
2021-05-29,1729,287,963,118,719,424,Friday,2021,5,29,SiGuniang,1165.708787,1688.556482,2374.734731
2021-05-30,1527,231,965,135,825,425,Saturday,2021,5,30,SiGuniang,1148.039749,1415.964405,2462.995846
2021-05-31,920,386,925,319,949,426,Sunday,2021,5,31,SiGuniang,1139.952554,742.2458271,2537.801618
2021-06-01,846,360,929,197,829,427,Monday,2021,6,1,SiGuniang,1147.700786,802.1513317,2396.147883
2021-06-02,847,426,934,183,730,428,Tuesday,2021,6,2,SiGuniang,1169.126137,689.3697622,2488.504101
2021-06-03,708,381,970,184,811,429,Wednesday,2021,6,3,SiGuniang,1202.803617,738.3078916,2266.888491
2021-06-04,1138,544,1294,168,754,430,Thursday,2021,6,4,SiGuniang,1241.638941,860.1959534,2536.165106
2021-06-05,2058,304,1150,139,836,431,Friday,2021,6,5,SiGuniang,1281.470167,1745.077469,2531.452364
2021-06-06,1773,233,1143,165,889,432,Saturday,2021,6,6,SiGuniang,1320.050075,1471.409667,2481.540258
2021-06-07,1162,493,1011,163,786,433,Sunday,2021,6,7,SiGuniang,1351.521667,729.0638548,2581.414478
2021-06-08,1280,468,996,154,733,434,Monday,2021,6,8,SiGuniang,1374.005283,799.6125818,2606.382135
2021-06-09,1003,502,1073,114,628,435,Tuesday,2021,6,9,SiGuniang,1386.949547,654.7886084,2461.261844
2021-06-10,1083,481,1128,127,689,436,Wednesday,2021,6,10,SiGuniang,1387.849735,707.5355991,2487.614665
2021-06-11,1216,506,1344,152,849,437,Thursday,2021,6,11,SiGuniang,1425.234022,829.0904189,2461.67556
2021-06-12,4043,299,1352,89,607,438,Friday,2021,6,12,SiGuniang,1542.019715,1803.422997,4197.557288
2021-06-13,6907,216,1370,101,689,439,Saturday,2021,6,13,SiGuniang,1617.503429,1507.925225,7281.571347
2021-06-14,2630,256,1317,74,621,440,Sunday,2021,6,14,SiGuniang,1685.37365,727.9252055,3716.701144
2021-06-15,1091,451,1076,135,572,441,Monday,2021,6,15,SiGuniang,1758.657763,800.9110371,2031.431199
2021-06-16,1551,354,988,104,512,442,Tuesday,2021,6,16,SiGuniang,1858.67709,630.7756264,2561.547283
2021-06-17,1602,375,994,102,505,443,Wednesday,2021,6,17,SiGuniang,1884.303029,687.0128597,2530.684112
2021-06-18,1320,307,965,195,860,444,Thursday,2021,6,18,SiGuniang,1841.352136,791.4112511,2187.236612
2021-06-19,2140,231,980,118,649,445,Friday,2021,6,19,SiGuniang,1792.630521,1862.993635,1984.375844
2021-06-20,2343,222,982,112,858,446,Saturday,2021,6,20,SiGuniang,1741.569762,1502.844726,2598.585512
2021-06-21,1123,367,973,163,846,447,Sunday,2021,6,21,SiGuniang,1693.081441,731.0205791,2198.89798
2021-06-22,1492,335,970,201,931,448,Monday,2021,6,22,SiGuniang,1645.819238,811.3585581,2534.822204
2021-06-23,1187,361,977,278,1095,449,Tuesday,2021,6,23,SiGuniang,1605.096504,615.6752222,2466.228274
2021-06-24,1174,335,964,162,882,450,Wednesday,2021,6,24,SiGuniang,1575.830673,686.1638377,2412.00549
2021-06-25,1261,375,974,140,795,451,Thursday,2021,6,25,SiGuniang,1557.521287,747.4099118,2456.068802
2021-06-26,2412,228,1053,93,844,452,Friday,2021,6,26,SiGuniang,1554.897999,1922.479431,2434.622569
2021-06-27,2187,240,1058,97,617,453,Saturday,2021,6,27,SiGuniang,1569.200479,1484.585483,2633.214037
2021-06-28,1239,440,987,137,658,454,Sunday,2021,6,28,SiGuniang,1615.429846,727.7625783,2395.807576
2021-06-29,1169,383,989,102,550,455,Monday,2021,6,29,SiGuniang,1684.116538,825.1308394,2159.752623
2021-06-30,1238,400,1000,82,531,456,Tuesday,2021,6,30,SiGuniang,1760.701906,597.1162979,2380.181796
2021-07-01,1314,369,976,101,445,457,Wednesday,2021,7,1,SiGuniang,1837.344204,703.8720492,2272.783747
2021-07-02,1761,425,1107,85,420,458,Thursday,2021,7,2,SiGuniang,1916.233558,709.9704567,2634.795985
2021-07-03,3126,247,1247,83,628,459,Friday,2021,7,3,SiGuniang,2012.821939,1981.558223,2631.619838
2021-07-04,3488,291,1252,82,485,460,Saturday,2021,7,4,SiGuniang,2113.848164,1455.479654,3418.672182
2021-07-05,1894,457,1322,125,734,461,Sunday,2021,7,5,SiGuniang,2204.976798,723.7741056,2465.249097
2021-07-06,2051,439,1279,108,539,462,Monday,2021,7,6,SiGuniang,2281.938987,830.9491644,2438.111848
2021-07-07,2205,406,1378,146,709,463,Tuesday,2021,7,7,SiGuniang,2347.735442,592.5113689,2764.75319
2021-07-08,2161,409,1422,127,631,464,Wednesday,2021,7,8,SiGuniang,2419.285448,730.4578371,2511.256715
2021-07-09,2128,388,1414,99,529,465,Thursday,2021,7,9,SiGuniang,2496.374368,711.08859,2420.537042
2021-07-10,3566,209,1520,116,790,466,Friday,2021,7,10,SiGuniang,2570.456091,1987.826072,2507.717837
2021-07-11,3670,233,1486,85,872,467,Saturday,2021,7,11,SiGuniang,2640.465617,1397.778594,3131.755789
2021-07-12,2491,498,1542,169,769,468,Sunday,2021,7,12,SiGuniang,2710.434937,730.8979804,2549.667082
2021-07-13,2619,488,1815,135,655,469,Monday,2021,7,13,SiGuniang,2775.385435,831.172078,2512.442487
2021-07-14,2430,580,1783,123,575,470,Tuesday,2021,7,14,SiGuniang,2820.772529,607.5158463,2501.711625
2021-07-15,2053,540,1908,102,536,471,Wednesday,2021,7,15,SiGuniang,2875.956378,749.2247553,1927.818866
2021-07-16,1905,420,1459,85,453,472,Thursday,2021,7,16,SiGuniang,2930.32962,746.3531484,1728.317232
2021-07-17,3145,318,1541,80,426,473,Friday,2021,7,17,SiGuniang,2979.228653,1921.093972,1744.677375
2021-07-18,3317,276,1530,72,465,474,Saturday,2021,7,18,SiGuniang,3027.767922,1383.516508,2405.71557
2021-07-19,2918,464,1641,76,401,475,Sunday,2021,7,19,SiGuniang,3078.281323,737.0176885,2602.700988
2021-07-20,3006,509,1651,104,458,476,Monday,2021,7,20,SiGuniang,3142.592169,825.824406,2537.583425
2021-07-21,2666,426,1529,102,758,477,Tuesday,2021,7,21,SiGuniang,3209.222968,622.4483643,2334.328668
2021-07-22,3087,462,1562,133,852,478,Wednesday,2021,7,22,SiGuniang,3196.871946,758.9444449,2631.183609
2021-07-23,3277,394,1570,155,870,479,Thursday,2021,7,23,SiGuniang,3095.776078,771.0215926,2910.202329
2021-07-24,5210,270,1552,782,12951,480,Friday,2021,7,24,SiGuniang,3020.383533,1875.92174,3813.694727
2021-07-25,4722,253,1634,603,63038,481,Saturday,2021,7,25,SiGuniang,2954.764714,1415.454251,3851.781035
2021-07-26,2959,395,1468,1134,65842,482,Sunday,2021,7,26,SiGuniang,2883.049157,733.8323799,2842.118463
2021-07-27,2693,501,1559,967,9830,483,Monday,2021,7,27,SiGuniang,2787.985067,818.4994285,2586.515505
2021-07-28,2145,344,1411,6260,59772,484,Tuesday,2021,7,28,SiGuniang,2738.601781,635.4127167,2270.985503
2021-07-29,715,296,1014,2227,29680,485,Wednesday,2021,7,29,SiGuniang,2265.301937,777.2076797,1172.490384
2021-07-30,548,271,946,1663,24371,486,Thursday,2021,7,30,SiGuniang,2021.890253,788.8602683,1237.249479
2021-07-31,518,191,927,958,18635,487,Friday,2021,7,31,SiGuniang,1801.768107,1845.249833,370.9820595
2021-08-01,451,177,949,895,15221,488,Saturday,2021,8,1,SiGuniang,1554.38047,1393.075136,1003.544394
2021-08-02,514,301,928,1542,13486,489,Sunday,2021,8,2,SiGuniang,1178.142779,730.3226874,2105.534533
2021-08-03,675,265,915,1301,11870,490,Monday,2021,8,3,SiGuniang,968.8199891,809.8110927,2396.368918
2021-08-04,742,295,897,953,6925,491,Tuesday,2021,8,4,SiGuniang,940.4529677,646.0992047,2655.447828
2021-08-05,754,264,883,907,6633,492,Wednesday,2021,8,5,SiGuniang,911.7699135,782.7532089,2559.476878
2021-08-06,507,357,935,916,6998,493,Thursday,2021,8,6,SiGuniang,903.4223954,815.1253274,2288.452277
2021-08-07,793,285,951,730,5578,494,Friday,2021,8,7,SiGuniang,907.0200587,1813.95428,1572.025661
2021-08-08,795,225,922,682,5164,495,Saturday,2021,8,8,SiGuniang,912.2827436,1407.41745,1975.299807
2021-08-09,518,262,931,891,5128,496,Sunday,2021,8,9,SiGuniang,914.9889147,722.3643249,2380.64676
2021-08-10,707,251,934,884,4808,497,Monday,2021,8,10,SiGuniang,930.2762647,796.3085635,2480.415172
2021-08-11,712,273,945,852,4264,498,Tuesday,2021,8,11,SiGuniang,983.6577128,657.0060563,2571.336231
2021-08-12,781,271,937,622,3206,499,Wednesday,2021,8,12,SiGuniang,1053.705447,785.9210756,2441.373477
2021-08-13,1090,281,964,519,2807,500,Thursday,2021,8,13,SiGuniang,1125.790458,841.5026492,2622.706893
2021-08-14,1846,186,956,352,2697,501,Friday,2021,8,14,SiGuniang,1189.089631,1780.646194,2376.264175
2021-08-15,2533,163,955,237,2370,502,Saturday,2021,8,15,SiGuniang,1225.292543,1423.758151,3383.949306
2021-08-16,1090,260,938,448,2247,503,Sunday,2021,8,16,SiGuniang,1257.131599,712.3162253,2620.552176
2021-08-17,1502,276,940,357,1942,504,Monday,2021,8,17,SiGuniang,1292.877101,782.1559278,2926.966971
2021-08-18,1350,295,907,315,1662,505,Tuesday,2021,8,18,SiGuniang,1326.86253,669.3584822,2853.778988
2021-08-19,1081,319,888,391,1725,506,Wednesday,2021,8,19,SiGuniang,1354.190372,786.4610145,2440.348613
2021-08-20,1279,350,887,271,1836,507,Thursday,2021,8,20,SiGuniang,1354.649509,869.7944307,2554.556061
2021-08-21,2106,193,913,195,1511,508,Friday,2021,8,21,SiGuniang,1337.485504,1748.447501,2520.066994
2021-08-22,1865,186,909,186,1428,509,Saturday,2021,8,22,SiGuniang,1307.718527,1440.629375,2616.652098
2021-08-23,883,428,1192,442,2476,510,Sunday,2021,8,23,SiGuniang,1259.840401,701.2266746,2421.932924
2021-08-24,1105,341,971,713,3340,511,Monday,2021,8,24,SiGuniang,1197.547678,767.658354,2639.793968
2021-08-25,823,310,927,478,1683,512,Tuesday,2021,8,25,SiGuniang,1132.941477,681.5043901,2508.554133
2021-08-26,469,319,919,254,1089,513,Wednesday,2021,8,26,SiGuniang,1073.231709,785.0517215,2110.716569
2021-08-27,851,245,953,236,1181,514,Thursday,2021,8,27,SiGuniang,1017.177006,898.9768387,2434.846155
2021-08-28,1580,211,911,182,976,515,Friday,2021,8,28,SiGuniang,969.6395387,1719.023617,2391.336844
2021-08-29,1316,209,938,152,920,516,Saturday,2021,8,29,SiGuniang,937.052412,1457.107144,2421.840444
2021-08-30,682,357,919,182,868,517,Sunday,2021,8,30,SiGuniang,934.3928531,689.4521591,2558.154988
2021-08-31,561,330,894,187,901,518,Monday,2021,8,31,SiGuniang,967.3104932,752.9966905,2340.692816
2021-09-01,605,304,893,150,787,519,Tuesday,2021,9,1,SiGuniang,1018.231636,692.6704568,2394.097907
2021-09-02,851,361,899,154,756,520,Wednesday,2021,9,2,SiGuniang,1079.996561,782.8238036,2488.179635
2021-09-03,1016,326,935,148,812,521,Thursday,2021,9,3,SiGuniang,1153.400054,928.1331362,2434.46681
2021-09-04,2047,240,958,97,706,522,Friday,2021,9,4,SiGuniang,1239.95157,1693.379953,2613.668477
2021-09-05,1781,243,936,114,829,523,Saturday,2021,9,5,SiGuniang,1339.9428,1471.925393,2469.131807
2021-09-06,1060,409,962,177,802,524,Sunday,2021,9,6,SiGuniang,1443.816238,677.3412025,2438.84256
2021-09-07,1289,430,982,158,676,525,Monday,2021,9,7,SiGuniang,1549.214411,737.9053551,2501.880234
2021-09-08,1345,454,965,137,634,526,Tuesday,2021,9,8,SiGuniang,1654.920633,702.4918174,2487.58755
2021-09-09,1552,439,986,146,652,527,Wednesday,2021,9,9,SiGuniang,1761.435876,780.5466669,2510.017457
2021-09-10,1845,426,1077,137,586,528,Thursday,2021,9,10,SiGuniang,1869.009378,956.9618832,2519.028739
2021-09-11,3795,265,1206,146,889,529,Friday,2021,9,11,SiGuniang,1977.625607,1672.26355,3645.110844
2021-09-12,3165,268,1276,133,908,530,Saturday,2021,9,12,SiGuniang,2087.050936,1484.639438,3093.309625
